vm_id,timestamp,min_cpu,avg_cpu,max_avg_cpu,max_cpu,vCPU,vm_category,min_core_usage,avg_core_usage,max_avg_core_usage,max_core_usage
9ZLTb00Z47hfDZ0s2hy3IDxtMLGww2RLdcvXWBYHYBWc2cDZhQA9CxmTp+AIYpY5,0,0.672509204409311,1.2390940904553551,2.432777061953288,8.072619226104965,2,Delay-insensitive,0.01345018408818622,0.024781881809107103,0.048655541239065764,0.1614523845220993
9ZLTb00Z47hfDZ0s2hy3IDxtMLGww2RLdcvXWBYHYBWc2cDZhQA9CxmTp+AIYpY5,1,0.673908370867196,1.8988683125587855,5.303702285437678,28.24626105681996,2,Delay-insensitive,0.01347816741734392,0.03797736625117571,0.10607404570875356,0.5649252211363992
9ZLTb00Z47hfDZ0s2hy3IDxtMLGww2RLdcvXWBYHYBWc2cDZhQA9CxmTp+AIYpY5,2,0.6662647819684672,1.2373524336935597,2.334293899673433,8.346915266459499,2,Delay-insensitive,0.013325295639369343,0.024747048673871196,0.046685877993468655,0.16693830532919
9ZLTb00Z47hfDZ0s2hy3IDxtMLGww2RLdcvXWBYHYBWc2cDZhQA9CxmTp+AIYpY5,3,0.6670364708500178,1.2865851669525556,2.3810454922225808,8.184767646906483,2,Delay-insensitive,0.013340729417000357,0.02573170333905111,0.047620909844451616,0.16369535293812965
9ZLTb00Z47hfDZ0s2hy3IDxtMLGww2RLdcvXWBYHYBWc2cDZhQA9CxmTp+AIYpY5,4,0.6729066404911948,1.151142418396991,1.4767061846946643,5.630045484267562,2,Delay-insensitive,0.013458132809823895,0.02302284836793982,0.029534123693893286,0.11260090968535125
9ZLTb00Z47hfDZ0s2hy3IDxtMLGww2RLdcvXWBYHYBWc2cDZhQA9CxmTp+AIYpY5,5,0.6121399048812277,1.20447039986344,2.0156338247513648,7.0797518861554405,2,Delay-insensitive,0.012242798097624553,0.024089407997268802,0.040312676495027296,0.1415950377231088
9ZLTb00Z47hfDZ0s2hy3IDxtMLGww2RLdcvXWBYHYBWc2cDZhQA9CxmTp+AIYpY5,6,0.6638138195449763,1.220586638260819,2.3287753312266,6.927303630940132,2,Delay-insensitive,0.013276276390899526,0.024411732765216382,0.046575506624532005,0.13854607261880264
9ZLTb00Z47hfDZ0s2hy3IDxtMLGww2RLdcvXWBYHYBWc2cDZhQA9CxmTp+AIYpY5,7,0.6801662040733127,1.5006104511681915,2.55115753424226,20.94463762910661,2,Delay-insensitive,0.013603324081466256,0.03001220902336383,0.051023150684845205,0.41889275258213216
9ZLTb00Z47hfDZ0s2hy3IDxtMLGww2RLdcvXWBYHYBWc2cDZhQA9CxmTp+AIYpY5,8,0.6894236376382826,1.3463207389951146,2.3828042053649185,8.134910531829563,2,Delay-insensitive,0.013788472752765653,0.02692641477990229,0.04765608410729837,0.16269821063659126
9ZLTb00Z47hfDZ0s2hy3IDxtMLGww2RLdcvXWBYHYBWc2cDZhQA9CxmTp+AIYpY5,9,0.7053837526588229,1.9583079681916102,5.37879498403712,44.83894633585045,2,Delay-insensitive,0.014107675053176458,0.039166159363832206,0.10757589968074241,0.896778926717009
9ZLTb00Z47hfDZ0s2hy3IDxtMLGww2RLdcvXWBYHYBWc2cDZhQA9CxmTp+AIYpY5,10,0.7143777269804824,1.2137781679056177,1.795856289125758,8.890401834825061,2,Delay-insensitive,0.014287554539609648,0.024275563358112352,0.03591712578251516,0.17780803669650122
9ZLTb00Z47hfDZ0s2hy3IDxtMLGww2RLdcvXWBYHYBWc2cDZhQA9CxmTp+AIYpY5,11,0.6913950483695712,1.2216816048177377,2.4889050157021493,9.865640497304147,2,Delay-insensitive,0.013827900967391425,0.024433632096354754,0.049778100314042985,0.19731280994608294
9ZLTb00Z47hfDZ0s2hy3IDxtMLGww2RLdcvXWBYHYBWc2cDZhQA9CxmTp+AIYpY5,12,0.7561121476994364,1.2295718797654538,2.530284307971833,9.532335352257162,2,Delay-insensitive,0.015122242953988728,0.024591437595309077,0.050605686159436655,0.19064670704514325
9ZLTb00Z47hfDZ0s2hy3IDxtMLGww2RLdcvXWBYHYBWc2cDZhQA9CxmTp+AIYpY5,13,0.6807628621586049,1.229298048198498,2.582757439082053,8.115528370367361,2,Delay-insensitive,0.0136152572431721,0.024585960963969963,0.051655148781641055,0.16231056740734723
9ZLTb00Z47hfDZ0s2hy3IDxtMLGww2RLdcvXWBYHYBWc2cDZhQA9CxmTp+AIYpY5,14,0.6495423923719745,1.225961912150498,2.5595011878347664,7.819615044994211,2,Delay-insensitive,0.01299084784743949,0.02451923824300996,0.051190023756695326,0.1563923008998842
9ZLTb00Z47hfDZ0s2hy3IDxtMLGww2RLdcvXWBYHYBWc2cDZhQA9CxmTp+AIYpY5,15,0.6289709958779898,1.3100709202838428,2.8355383505169525,8.096783305712249,2,Delay-insensitive,0.012579419917559795,0.026201418405676854,0.05671076701033905,0.16193566611424498
9ZLTb00Z47hfDZ0s2hy3IDxtMLGww2RLdcvXWBYHYBWc2cDZhQA9CxmTp+AIYpY5,16,0.7453810516375143,1.2837127405947342,2.329919382469852,9.423190580743553,2,Delay-insensitive,0.014907621032750286,0.025674254811894684,0.04659838764939704,0.18846381161487105
9ZLTb00Z47hfDZ0s2hy3IDxtMLGww2RLdcvXWBYHYBWc2cDZhQA9CxmTp+AIYpY5,17,0.6899684843177125,2.2865013009445163,9.277936976088542,49.022852887222236,2,Delay-insensitive,0.01379936968635425,0.04573002601889033,0.18555873952177085,0.9804570577444447
9ZLTb00Z47hfDZ0s2hy3IDxtMLGww2RLdcvXWBYHYBWc2cDZhQA9CxmTp+AIYpY5,18,0.7003882340775596,1.5667547642020827,3.126544524301184,8.286945735170791,2,Delay-insensitive,0.014007764681551191,0.03133509528404165,0.06253089048602367,0.1657389147034158
9ZLTb00Z47hfDZ0s2hy3IDxtMLGww2RLdcvXWBYHYBWc2cDZhQA9CxmTp+AIYpY5,19,24.415929556779663,43.55055044125852,44.58325236487848,63.23140499370952,2,Delay-insensitive,0.4883185911355932,0.8710110088251705,0.8916650472975697,1.2646280998741903
9ZLTb00Z47hfDZ0s2hy3IDxtMLGww2RLdcvXWBYHYBWc2cDZhQA9CxmTp+AIYpY5,20,22.21783920389611,45.00345756240082,55.424832882540365,82.80812812421162,2,Delay-insensitive,0.4443567840779222,0.9000691512480163,1.1084966576508073,1.6561625624842324
9ZLTb00Z47hfDZ0s2hy3IDxtMLGww2RLdcvXWBYHYBWc2cDZhQA9CxmTp+AIYpY5,21,24.587817929098566,44.36393479868996,47.68166721373301,60.9410004056714,2,Delay-insensitive,0.4917563585819713,0.8872786959737993,0.9536333442746602,1.2188200081134282
9ZLTb00Z47hfDZ0s2hy3IDxtMLGww2RLdcvXWBYHYBWc2cDZhQA9CxmTp+AIYpY5,22,27.25013383920133,45.13357651914299,48.123483933023536,67.52243383559103,2,Delay-insensitive,0.5450026767840266,0.9026715303828599,0.9624696786604707,1.3504486767118207
9ZLTb00Z47hfDZ0s2hy3IDxtMLGww2RLdcvXWBYHYBWc2cDZhQA9CxmTp+AIYpY5,23,24.435489273698145,43.505458632944595,46.93220855195938,65.87710484734359,2,Delay-insensitive,0.48870978547396293,0.8701091726588919,0.9386441710391875,1.3175420969468719
AsxRRWgUFuhj9EyZ8XRn2yI3RHuZMwUJk90ZjovJxVhbb8hglz4cGy5LfQWzN6ev,0,4.2708413991340874,8.18001977931551,12.80633915433522,58.79379598499761,2,Delay-insensitive,0.08541682798268174,0.1636003955863102,0.2561267830867044,1.1758759196999522
AsxRRWgUFuhj9EyZ8XRn2yI3RHuZMwUJk90ZjovJxVhbb8hglz4cGy5LfQWzN6ev,1,4.3561920515482,8.156168465461201,10.971505884591217,54.66640636235813,2,Delay-insensitive,0.087123841030964,0.16312336930922403,0.21943011769182433,1.0933281272471627
AsxRRWgUFuhj9EyZ8XRn2yI3RHuZMwUJk90ZjovJxVhbb8hglz4cGy5LfQWzN6ev,2,4.176036061407928,8.249900338083204,13.4943006240671,53.63308260598684,2,Delay-insensitive,0.08352072122815857,0.1649980067616641,0.269886012481342,1.072661652119737
AsxRRWgUFuhj9EyZ8XRn2yI3RHuZMwUJk90ZjovJxVhbb8hglz4cGy5LfQWzN6ev,3,4.197526554746888,8.349328506096008,13.73610091664112,46.863373186219945,2,Delay-insensitive,0.08395053109493776,0.16698657012192014,0.2747220183328224,0.937267463724399
AsxRRWgUFuhj9EyZ8XRn2yI3RHuZMwUJk90ZjovJxVhbb8hglz4cGy5LfQWzN6ev,4,4.087583081567942,9.228418488202037,19.560261919401167,50.19570973796869,2,Delay-insensitive,0.08175166163135884,0.18456836976404073,0.39120523838802335,1.003914194759374
AsxRRWgUFuhj9EyZ8XRn2yI3RHuZMwUJk90ZjovJxVhbb8hglz4cGy5LfQWzN6ev,5,4.15044139377486,8.0995568969309,13.351318518309954,38.805910083587946,2,Delay-insensitive,0.0830088278754972,0.16199113793861802,0.2670263703661991,0.7761182016717589
AsxRRWgUFuhj9EyZ8XRn2yI3RHuZMwUJk90ZjovJxVhbb8hglz4cGy5LfQWzN6ev,6,4.320733041151788,8.195820962211798,13.878524159968984,44.979369503439216,2,Delay-insensitive,0.08641466082303577,0.16391641924423594,0.2775704831993797,0.8995873900687843
AsxRRWgUFuhj9EyZ8XRn2yI3RHuZMwUJk90ZjovJxVhbb8hglz4cGy5LfQWzN6ev,7,4.222077613518456,8.190278435891832,13.892267780674562,55.44273211983352,2,Delay-insensitive,0.08444155227036912,0.16380556871783664,0.2778453556134912,1.1088546423966705
AsxRRWgUFuhj9EyZ8XRn2yI3RHuZMwUJk90ZjovJxVhbb8hglz4cGy5LfQWzN6ev,8,4.189451844121355,8.066238647811842,13.476813035314375,58.05175633275909,2,Delay-insensitive,0.0837890368824271,0.16132477295623684,0.2695362607062875,1.1610351266551817
AsxRRWgUFuhj9EyZ8XRn2yI3RHuZMwUJk90ZjovJxVhbb8hglz4cGy5LfQWzN6ev,9,4.3254525836466655,8.715956334714345,14.605249409916157,60.25412665209728,2,Delay-insensitive,0.08650905167293331,0.1743191266942869,0.29210498819832315,1.2050825330419455
AsxRRWgUFuhj9EyZ8XRn2yI3RHuZMwUJk90ZjovJxVhbb8hglz4cGy5LfQWzN6ev,10,4.257815818655305,8.426835273185942,13.491532471225506,57.409476483808405,2,Delay-insensitive,0.08515631637310611,0.16853670546371885,0.2698306494245101,1.1481895296761682
AsxRRWgUFuhj9EyZ8XRn2yI3RHuZMwUJk90ZjovJxVhbb8hglz4cGy5LfQWzN6ev,11,4.222232508718828,8.238358080300701,13.908279431939578,54.79992295527609,2,Delay-insensitive,0.08444465017437656,0.164767161606014,0.27816558863879154,1.0959984591055218
AsxRRWgUFuhj9EyZ8XRn2yI3RHuZMwUJk90ZjovJxVhbb8hglz4cGy5LfQWzN6ev,12,4.312531406098104,9.298426059499276,13.362888378614944,46.8401870716386,2,Delay-insensitive,0.08625062812196209,0.18596852118998553,0.26725776757229885,0.936803741432772
AsxRRWgUFuhj9EyZ8XRn2yI3RHuZMwUJk90ZjovJxVhbb8hglz4cGy5LfQWzN6ev,13,4.277498087237891,8.103021492471123,11.594381188645816,38.56522827973985,2,Delay-insensitive,0.08554996174475782,0.16206042984942248,0.2318876237729163,0.771304565594797
AsxRRWgUFuhj9EyZ8XRn2yI3RHuZMwUJk90ZjovJxVhbb8hglz4cGy5LfQWzN6ev,14,4.505448836464232,8.226957038470879,12.423075855934092,36.37376909199535,2,Delay-insensitive,0.09010897672928465,0.16453914076941756,0.24846151711868183,0.727475381839907
AsxRRWgUFuhj9EyZ8XRn2yI3RHuZMwUJk90ZjovJxVhbb8hglz4cGy5LfQWzN6ev,15,4.342240554738188,8.126482895199905,11.322245784368857,43.48363023932647,2,Delay-insensitive,0.08684481109476376,0.1625296579039981,0.22644491568737712,0.8696726047865294
AsxRRWgUFuhj9EyZ8XRn2yI3RHuZMwUJk90ZjovJxVhbb8hglz4cGy5LfQWzN6ev,16,4.190236322879583,8.727208446479468,11.2664667067623,56.19302299384892,2,Delay-insensitive,0.08380472645759167,0.17454416892958935,0.225329334135246,1.1238604598769784
AsxRRWgUFuhj9EyZ8XRn2yI3RHuZMwUJk90ZjovJxVhbb8hglz4cGy5LfQWzN6ev,17,4.105547976277427,8.17801261134113,12.194488649432028,59.33000091791556,2,Delay-insensitive,0.08211095952554855,0.16356025222682258,0.24388977298864056,1.1866000183583112
AsxRRWgUFuhj9EyZ8XRn2yI3RHuZMwUJk90ZjovJxVhbb8hglz4cGy5LfQWzN6ev,18,3.917323990539445,8.676134042155546,11.466864907383664,60.99957184731558,2,Delay-insensitive,0.07834647981078889,0.17352268084311093,0.22933729814767329,1.2199914369463116
AsxRRWgUFuhj9EyZ8XRn2yI3RHuZMwUJk90ZjovJxVhbb8hglz4cGy5LfQWzN6ev,19,4.329279156206067,8.496928081654248,11.50061810417382,61.82319855059029,2,Delay-insensitive,0.08658558312412135,0.16993856163308496,0.2300123620834764,1.2364639710118057
AsxRRWgUFuhj9EyZ8XRn2yI3RHuZMwUJk90ZjovJxVhbb8hglz4cGy5LfQWzN6ev,20,5.03462115442965,9.76998618586815,17.85835905684085,59.16373046377104,2,Delay-insensitive,0.100692423088593,0.195399723717363,0.357167181136817,1.1832746092754207
AsxRRWgUFuhj9EyZ8XRn2yI3RHuZMwUJk90ZjovJxVhbb8hglz4cGy5LfQWzN6ev,21,4.863975716065788,8.514038052113344,12.006816174982552,50.86908856814264,2,Delay-insensitive,0.09727951432131576,0.1702807610422669,0.24013632349965103,1.0173817713628528
AsxRRWgUFuhj9EyZ8XRn2yI3RHuZMwUJk90ZjovJxVhbb8hglz4cGy5LfQWzN6ev,22,4.400331733900215,8.25363411143791,12.068044922312865,44.89919578349688,2,Delay-insensitive,0.08800663467800429,0.16507268222875818,0.2413608984462573,0.8979839156699376
AsxRRWgUFuhj9EyZ8XRn2yI3RHuZMwUJk90ZjovJxVhbb8hglz4cGy5LfQWzN6ev,23,4.607415130340945,8.173632889040208,11.753789992238763,56.82496909108894,2,Delay-insensitive,0.09214830260681889,0.16347265778080416,0.23507579984477528,1.1364993818217788
FIXbi62wpCSXUcEVb/63GG2DKoW/p6WnLO+rByG/UQjvWFrhmQIAtIUwF6uM9qlG,0,17.796665535609968,20.801119582838027,20.953195932140808,22.686825057459888,2,Interactive,0.35593331071219936,0.4160223916567605,0.41906391864281617,0.4537365011491978
FIXbi62wpCSXUcEVb/63GG2DKoW/p6WnLO+rByG/UQjvWFrhmQIAtIUwF6uM9qlG,1,13.438927702689757,20.747044773054196,20.942667078916667,23.905032106260126,2,Interactive,0.26877855405379514,0.4149408954610839,0.4188533415783333,0.47810064212520254
FIXbi62wpCSXUcEVb/63GG2DKoW/p6WnLO+rByG/UQjvWFrhmQIAtIUwF6uM9qlG,2,16.233478581466372,20.7976066581062,20.962848846033594,22.147106147744257,2,Interactive,0.3246695716293274,0.41595213316212404,0.4192569769206719,0.4429421229548851
FIXbi62wpCSXUcEVb/63GG2DKoW/p6WnLO+rByG/UQjvWFrhmQIAtIUwF6uM9qlG,3,16.47346060535408,20.80193751867159,20.95691596213457,23.23962614476492,2,Interactive,0.32946921210708163,0.4160387503734318,0.4191383192426914,0.4647925228952984
FIXbi62wpCSXUcEVb/63GG2DKoW/p6WnLO+rByG/UQjvWFrhmQIAtIUwF6uM9qlG,4,16.422663418153746,20.84222974822132,21.1858669347478,23.196715000585307,2,Interactive,0.3284532683630749,0.41684459496442644,0.423717338694956,0.46393430001170616
FIXbi62wpCSXUcEVb/63GG2DKoW/p6WnLO+rByG/UQjvWFrhmQIAtIUwF6uM9qlG,5,17.010190861565327,20.27503988357399,20.963611535372603,23.01914685637832,2,Interactive,0.34020381723130655,0.4055007976714798,0.41927223070745206,0.4603829371275664
FIXbi62wpCSXUcEVb/63GG2DKoW/p6WnLO+rByG/UQjvWFrhmQIAtIUwF6uM9qlG,6,13.984689244009536,19.771163696521587,20.024423848871383,22.220722797178965,2,Interactive,0.2796937848801907,0.39542327393043175,0.4004884769774277,0.4444144559435793
FIXbi62wpCSXUcEVb/63GG2DKoW/p6WnLO+rByG/UQjvWFrhmQIAtIUwF6uM9qlG,7,12.616384825028794,19.683601493673866,20.04828372797015,22.31816299092531,2,Interactive,0.25232769650057585,0.3936720298734773,0.400965674559403,0.44636325981850616
FIXbi62wpCSXUcEVb/63GG2DKoW/p6WnLO+rByG/UQjvWFrhmQIAtIUwF6uM9qlG,8,15.263708080641328,19.69983478283357,19.83226130417453,22.062069441325328,2,Interactive,0.30527416161282656,0.3939966956566714,0.3966452260834906,0.44124138882650654
FIXbi62wpCSXUcEVb/63GG2DKoW/p6WnLO+rByG/UQjvWFrhmQIAtIUwF6uM9qlG,9,16.26032785057632,19.664212317202054,19.821769042538115,21.6369324045208,2,Interactive,0.3252065570115264,0.3932842463440411,0.3964353808507623,0.43273864809041596
FIXbi62wpCSXUcEVb/63GG2DKoW/p6WnLO+rByG/UQjvWFrhmQIAtIUwF6uM9qlG,10,14.444487722987176,19.884812678427544,21.027893679577808,21.810827611144354,2,Interactive,0.2888897544597435,0.3976962535685509,0.42055787359155616,0.4362165522228871
FIXbi62wpCSXUcEVb/63GG2DKoW/p6WnLO+rByG/UQjvWFrhmQIAtIUwF6uM9qlG,11,15.900707393953434,20.319284109537872,20.954438886909237,23.104736753922417,2,Interactive,0.3180141478790687,0.40638568219075744,0.41908877773818476,0.46209473507844834
FIXbi62wpCSXUcEVb/63GG2DKoW/p6WnLO+rByG/UQjvWFrhmQIAtIUwF6uM9qlG,12,15.26863138886294,20.85350561194935,21.030350233314884,23.47556506489954,2,Interactive,0.30537262777725876,0.417070112238987,0.4206070046662977,0.46951130129799085
FIXbi62wpCSXUcEVb/63GG2DKoW/p6WnLO+rByG/UQjvWFrhmQIAtIUwF6uM9qlG,13,14.607822042724932,20.913145889437324,22.536413257649038,35.86988744593024,2,Interactive,0.29215644085449866,0.41826291778874647,0.45072826515298076,0.7173977489186047
FIXbi62wpCSXUcEVb/63GG2DKoW/p6WnLO+rByG/UQjvWFrhmQIAtIUwF6uM9qlG,14,17.144023790109493,20.863706530083615,20.983365871250825,22.858190717137656,2,Interactive,0.3428804758021899,0.4172741306016723,0.4196673174250165,0.4571638143427531
FIXbi62wpCSXUcEVb/63GG2DKoW/p6WnLO+rByG/UQjvWFrhmQIAtIUwF6uM9qlG,15,17.960754125719774,20.859522143655198,21.062503759120528,22.2644138674036,2,Interactive,0.3592150825143955,0.417190442873104,0.42125007518241053,0.445288277348072
FIXbi62wpCSXUcEVb/63GG2DKoW/p6WnLO+rByG/UQjvWFrhmQIAtIUwF6uM9qlG,16,12.968596151874287,20.81149465372925,21.010443134844174,22.678420943069398,2,Interactive,0.25937192303748574,0.41622989307458497,0.42020886269688346,0.45356841886138793
FIXbi62wpCSXUcEVb/63GG2DKoW/p6WnLO+rByG/UQjvWFrhmQIAtIUwF6uM9qlG,17,19.649519824678467,47.85396038254864,62.71595579938391,97.61296797297955,2,Interactive,0.39299039649356937,0.9570792076509729,1.2543191159876783,1.952259359459591
FIXbi62wpCSXUcEVb/63GG2DKoW/p6WnLO+rByG/UQjvWFrhmQIAtIUwF6uM9qlG,18,21.82929875390281,62.54210162313757,62.658028826146015,97.73027483666195,2,Interactive,0.4365859750780562,1.2508420324627514,1.2531605765229203,1.954605496733239
FIXbi62wpCSXUcEVb/63GG2DKoW/p6WnLO+rByG/UQjvWFrhmQIAtIUwF6uM9qlG,19,25.63736248788484,62.50764917874801,62.72594762298671,97.6638916298853,2,Interactive,0.5127472497576968,1.2501529835749603,1.2545189524597342,1.953277832597706
FIXbi62wpCSXUcEVb/63GG2DKoW/p6WnLO+rByG/UQjvWFrhmQIAtIUwF6uM9qlG,20,27.27956030155641,62.41386634147002,62.649000761077296,97.59388428895704,2,Interactive,0.5455912060311282,1.2482773268294003,1.252980015221546,1.951877685779141
FIXbi62wpCSXUcEVb/63GG2DKoW/p6WnLO+rByG/UQjvWFrhmQIAtIUwF6uM9qlG,21,15.726289070390896,35.470345606130394,62.50383417599503,97.217830985578,2,Interactive,0.31452578140781795,0.7094069121226079,1.2500766835199006,1.94435661971156
FIXbi62wpCSXUcEVb/63GG2DKoW/p6WnLO+rByG/UQjvWFrhmQIAtIUwF6uM9qlG,22,12.1802145236645,20.92007883426015,21.13701477959312,23.57504860278421,2,Interactive,0.24360429047329,0.418401576685203,0.4227402955918624,0.4715009720556842
FIXbi62wpCSXUcEVb/63GG2DKoW/p6WnLO+rByG/UQjvWFrhmQIAtIUwF6uM9qlG,23,16.178353208605053,21.021618470803286,21.12097083652343,30.17270025227688,2,Interactive,0.32356706417210107,0.4204323694160657,0.4224194167304686,0.6034540050455376
Hd2qO8VeEZzIP4PQQvarwa+UXMQPOEHmELKf3w08RWYGS61iifMXUNg0Fu3bWM4+,0,6.409970280911968,11.152407506067833,13.088836725226022,28.81510356131914,4,Delay-insensitive,0.25639881123647873,0.44609630024271335,0.5235534690090409,1.1526041424527655
Hd2qO8VeEZzIP4PQQvarwa+UXMQPOEHmELKf3w08RWYGS61iifMXUNg0Fu3bWM4+,1,6.696946284844116,11.113272855011173,12.618221316789477,27.275410881984968,4,Delay-insensitive,0.26787785139376463,0.44453091420044694,0.5047288526715791,1.0910164352793987
Hd2qO8VeEZzIP4PQQvarwa+UXMQPOEHmELKf3w08RWYGS61iifMXUNg0Fu3bWM4+,2,6.479953481232563,11.383762396958959,12.835966418470342,26.345218682896107,4,Delay-insensitive,0.2591981392493025,0.45535049587835835,0.5134386567388137,1.0538087473158442
Hd2qO8VeEZzIP4PQQvarwa+UXMQPOEHmELKf3w08RWYGS61iifMXUNg0Fu3bWM4+,3,6.185978898345833,11.223484935795561,12.497943869964274,25.12262643667444,4,Delay-insensitive,0.2474391559338333,0.44893939743182243,0.499917754798571,1.0049050574669776
Hd2qO8VeEZzIP4PQQvarwa+UXMQPOEHmELKf3w08RWYGS61iifMXUNg0Fu3bWM4+,4,6.417384225326454,11.746057775129664,13.700591190133256,27.787811323069096,4,Delay-insensitive,0.25669536901305817,0.4698423110051866,0.5480236476053303,1.1115124529227638
Hd2qO8VeEZzIP4PQQvarwa+UXMQPOEHmELKf3w08RWYGS61iifMXUNg0Fu3bWM4+,5,6.215927304559683,11.51915019288798,12.979032307916333,27.756018675236245,4,Delay-insensitive,0.24863709218238733,0.4607660077155192,0.5191612923166533,1.1102407470094497
Hd2qO8VeEZzIP4PQQvarwa+UXMQPOEHmELKf3w08RWYGS61iifMXUNg0Fu3bWM4+,6,5.977173560951104,11.113347583280465,12.315502131019892,30.664343558648845,4,Delay-insensitive,0.23908694243804415,0.4445339033312186,0.4926200852407957,1.2265737423459537
Hd2qO8VeEZzIP4PQQvarwa+UXMQPOEHmELKf3w08RWYGS61iifMXUNg0Fu3bWM4+,7,6.084328888737904,10.857651606638173,11.855361459366945,28.798256463617165,4,Delay-insensitive,0.24337315554951616,0.4343060642655269,0.4742144583746778,1.1519302585446867
Hd2qO8VeEZzIP4PQQvarwa+UXMQPOEHmELKf3w08RWYGS61iifMXUNg0Fu3bWM4+,8,6.205638177923259,11.361313896745315,15.72901901635924,32.79361059968082,4,Delay-insensitive,0.24822552711693036,0.4544525558698126,0.6291607606543697,1.3117444239872327
Hd2qO8VeEZzIP4PQQvarwa+UXMQPOEHmELKf3w08RWYGS61iifMXUNg0Fu3bWM4+,9,6.646081955156856,11.592222869463896,12.462734536865208,28.210631338156816,4,Delay-insensitive,0.26584327820627424,0.46368891477855584,0.4985093814746083,1.1284252535262727
Hd2qO8VeEZzIP4PQQvarwa+UXMQPOEHmELKf3w08RWYGS61iifMXUNg0Fu3bWM4+,10,7.16740788849343,13.31133009322158,17.235278948608286,42.392861318027705,4,Delay-insensitive,0.2866963155397372,0.5324532037288632,0.6894111579443315,1.6957144527211083
Hd2qO8VeEZzIP4PQQvarwa+UXMQPOEHmELKf3w08RWYGS61iifMXUNg0Fu3bWM4+,11,8.02419164336525,13.82413525340588,14.863224374200565,36.471557239371926,4,Delay-insensitive,0.32096766573460994,0.5529654101362351,0.5945289749680226,1.458862289574877
Hd2qO8VeEZzIP4PQQvarwa+UXMQPOEHmELKf3w08RWYGS61iifMXUNg0Fu3bWM4+,12,8.865259652892622,16.031404465860156,18.902321092722115,32.768527532163745,4,Delay-insensitive,0.3546103861157049,0.6412561786344062,0.7560928437088846,1.3107411012865497
Hd2qO8VeEZzIP4PQQvarwa+UXMQPOEHmELKf3w08RWYGS61iifMXUNg0Fu3bWM4+,13,9.38581260946412,17.364664989305826,22.30413544276669,45.119308169659874,4,Delay-insensitive,0.3754325043785648,0.694586599572233,0.8921654177106676,1.8047723267863949
Hd2qO8VeEZzIP4PQQvarwa+UXMQPOEHmELKf3w08RWYGS61iifMXUNg0Fu3bWM4+,14,9.960871099551609,16.94386820177033,20.63045316042755,42.13311485264094,4,Delay-insensitive,0.39843484398206436,0.6777547280708132,0.825218126417102,1.6853245941056374
Hd2qO8VeEZzIP4PQQvarwa+UXMQPOEHmELKf3w08RWYGS61iifMXUNg0Fu3bWM4+,15,9.58067349324302,17.381975478359752,21.62557164458501,49.3192428178257,4,Delay-insensitive,0.38322693972972083,0.69527901913439,0.8650228657834004,1.9727697127130281
Hd2qO8VeEZzIP4PQQvarwa+UXMQPOEHmELKf3w08RWYGS61iifMXUNg0Fu3bWM4+,16,9.659050103113136,15.758474474011395,17.64626167559321,37.57069123248749,4,Delay-insensitive,0.3863620041245255,0.6303389789604558,0.7058504670237283,1.5028276492994996
Hd2qO8VeEZzIP4PQQvarwa+UXMQPOEHmELKf3w08RWYGS61iifMXUNg0Fu3bWM4+,17,8.664435086760937,15.651320343565468,18.12375715556732,27.927722229149182,4,Delay-insensitive,0.3465774034704375,0.6260528137426187,0.7249502862226928,1.1171088891659673
Hd2qO8VeEZzIP4PQQvarwa+UXMQPOEHmELKf3w08RWYGS61iifMXUNg0Fu3bWM4+,18,9.130599289837258,15.961652327056582,18.95402799110632,33.75272529144532,4,Delay-insensitive,0.36522397159349035,0.6384660930822633,0.7581611196442527,1.350109011657813
Hd2qO8VeEZzIP4PQQvarwa+UXMQPOEHmELKf3w08RWYGS61iifMXUNg0Fu3bWM4+,19,8.688211343732743,14.43949532675675,16.02528570764449,27.49454903324345,4,Delay-insensitive,0.3475284537493097,0.5775798130702701,0.6410114283057795,1.0997819613297382
Hd2qO8VeEZzIP4PQQvarwa+UXMQPOEHmELKf3w08RWYGS61iifMXUNg0Fu3bWM4+,20,8.085331447056854,13.235620724054693,15.621308698039922,31.887651697227277,4,Delay-insensitive,0.32341325788227415,0.5294248289621877,0.6248523479215968,1.275506067889091
Hd2qO8VeEZzIP4PQQvarwa+UXMQPOEHmELKf3w08RWYGS61iifMXUNg0Fu3bWM4+,21,7.187571836615632,12.341506011671013,14.04130463048868,27.87008330550912,4,Delay-insensitive,0.2875028734646253,0.49366024046684054,0.5616521852195472,1.1148033322203648
Hd2qO8VeEZzIP4PQQvarwa+UXMQPOEHmELKf3w08RWYGS61iifMXUNg0Fu3bWM4+,22,6.355276279982144,12.115291502454518,18.38013752817648,41.23145285397073,4,Delay-insensitive,0.2542110511992858,0.48461166009818074,0.7352055011270592,1.6492581141588292
Hd2qO8VeEZzIP4PQQvarwa+UXMQPOEHmELKf3w08RWYGS61iifMXUNg0Fu3bWM4+,23,6.563305116625772,11.045212491174027,12.455946667288565,27.532826877799536,4,Delay-insensitive,0.26253220466503085,0.44180849964696106,0.4982378666915426,1.1013130751119815
PcEG2hM12VkTd62RPFQZ94N260MN8s343fyh7WMHNXTO9q50tcXuU1a/h17FQdW1,0,8.527494666942433,9.590969235536479,9.655318143891572,10.742901413594604,2,Interactive,0.17054989333884865,0.19181938471072957,0.19310636287783145,0.21485802827189207
PcEG2hM12VkTd62RPFQZ94N260MN8s343fyh7WMHNXTO9q50tcXuU1a/h17FQdW1,1,8.462250727503239,15.638474681780849,45.2327601897429,97.89460255547735,2,Interactive,0.16924501455006477,0.31276949363561696,0.904655203794858,1.957892051109547
PcEG2hM12VkTd62RPFQZ94N260MN8s343fyh7WMHNXTO9q50tcXuU1a/h17FQdW1,2,5.6331874222868334,50.11917636666495,80.77950805991182,98.25511724523216,2,Interactive,0.11266374844573666,1.002383527333299,1.6155901611982364,1.9651023449046432
PcEG2hM12VkTd62RPFQZ94N260MN8s343fyh7WMHNXTO9q50tcXuU1a/h17FQdW1,3,5.318379391366224,10.534602779296405,18.68109364154478,64.6259709110293,2,Interactive,0.10636758782732449,0.2106920555859281,0.3736218728308956,1.292519418220586
PcEG2hM12VkTd62RPFQZ94N260MN8s343fyh7WMHNXTO9q50tcXuU1a/h17FQdW1,4,5.058726156232148,13.660542638892998,32.7722200184844,98.21335225486003,2,Interactive,0.10117452312464296,0.27321085277785995,0.655444400369688,1.9642670450972006
PcEG2hM12VkTd62RPFQZ94N260MN8s343fyh7WMHNXTO9q50tcXuU1a/h17FQdW1,5,5.054686358192942,10.944490070712469,18.888791934746628,63.994479870609034,2,Interactive,0.10109372716385884,0.21888980141424938,0.3777758386949326,1.2798895974121807
PcEG2hM12VkTd62RPFQZ94N260MN8s343fyh7WMHNXTO9q50tcXuU1a/h17FQdW1,6,5.132067984828102,10.946370955060699,18.712898628649928,63.70919602499988,2,Interactive,0.10264135969656203,0.21892741910121397,0.37425797257299853,1.2741839204999976
PcEG2hM12VkTd62RPFQZ94N260MN8s343fyh7WMHNXTO9q50tcXuU1a/h17FQdW1,7,4.917082861855588,10.62491096202456,16.961575449929025,63.02366775854192,2,Interactive,0.09834165723711177,0.2124982192404912,0.3392315089985805,1.2604733551708385
PcEG2hM12VkTd62RPFQZ94N260MN8s343fyh7WMHNXTO9q50tcXuU1a/h17FQdW1,8,5.094418098008193,10.988651761723098,20.02000582378762,64.26962924223304,2,Interactive,0.10188836196016386,0.21977303523446196,0.4004001164757524,1.2853925848446608
PcEG2hM12VkTd62RPFQZ94N260MN8s343fyh7WMHNXTO9q50tcXuU1a/h17FQdW1,9,5.119088954314968,11.131034379878619,19.11448357573912,64.85338451044424,2,Interactive,0.10238177908629936,0.22262068759757236,0.3822896715147824,1.297067690208885
PcEG2hM12VkTd62RPFQZ94N260MN8s343fyh7WMHNXTO9q50tcXuU1a/h17FQdW1,10,5.156976143074033,12.439687640890815,19.61919352485721,69.85254007853696,2,Interactive,0.10313952286148066,0.2487937528178163,0.3923838704971442,1.3970508015707392
PcEG2hM12VkTd62RPFQZ94N260MN8s343fyh7WMHNXTO9q50tcXuU1a/h17FQdW1,11,5.104225379275678,10.924355679345261,21.01036394159091,65.3308498433895,2,Interactive,0.10208450758551356,0.21848711358690523,0.4202072788318182,1.30661699686779
PcEG2hM12VkTd62RPFQZ94N260MN8s343fyh7WMHNXTO9q50tcXuU1a/h17FQdW1,12,5.276176931833624,11.414762423922086,19.35688087471576,63.56430963501458,2,Interactive,0.10552353863667248,0.22829524847844174,0.3871376174943152,1.2712861927002916
PcEG2hM12VkTd62RPFQZ94N260MN8s343fyh7WMHNXTO9q50tcXuU1a/h17FQdW1,13,5.3593505207071725,11.124473243610817,21.7386332403709,62.67811581563699,2,Interactive,0.10718701041414345,0.22248946487221632,0.43477266480741794,1.2535623163127398
PcEG2hM12VkTd62RPFQZ94N260MN8s343fyh7WMHNXTO9q50tcXuU1a/h17FQdW1,14,5.304814406868004,10.652656348658894,22.679913588977385,60.326304574013975,2,Interactive,0.10609628813736008,0.21305312697317788,0.4535982717795477,1.2065260914802796
PcEG2hM12VkTd62RPFQZ94N260MN8s343fyh7WMHNXTO9q50tcXuU1a/h17FQdW1,15,5.365570933208636,10.98208229583968,22.56888805550761,65.93542525921185,2,Interactive,0.10731141866417271,0.2196416459167936,0.4513777611101522,1.318708505184237
PcEG2hM12VkTd62RPFQZ94N260MN8s343fyh7WMHNXTO9q50tcXuU1a/h17FQdW1,16,5.315072714291774,11.17354161125152,22.79382679123349,65.89498979809952,2,Interactive,0.10630145428583548,0.22347083222503042,0.45587653582466975,1.3178997959619903
PcEG2hM12VkTd62RPFQZ94N260MN8s343fyh7WMHNXTO9q50tcXuU1a/h17FQdW1,17,5.254310494646783,11.10126074469287,22.29008358304913,73.40294034914737,2,Interactive,0.10508620989293567,0.2220252148938574,0.4458016716609826,1.4680588069829474
PcEG2hM12VkTd62RPFQZ94N260MN8s343fyh7WMHNXTO9q50tcXuU1a/h17FQdW1,18,5.279412316458488,11.477082354686372,21.3656563884989,61.239731129363655,2,Interactive,0.10558824632916976,0.22954164709372743,0.427313127769978,1.224794622587273
PcEG2hM12VkTd62RPFQZ94N260MN8s343fyh7WMHNXTO9q50tcXuU1a/h17FQdW1,19,5.345690932007867,12.219849627127525,21.47967591133365,64.4432620321544,2,Interactive,0.10691381864015734,0.2443969925425505,0.429593518226673,1.2888652406430878
PcEG2hM12VkTd62RPFQZ94N260MN8s343fyh7WMHNXTO9q50tcXuU1a/h17FQdW1,20,5.038158864234096,40.33418405258963,77.22967406789543,97.80020367274136,2,Interactive,0.10076317728468193,0.8066836810517926,1.5445934813579085,1.9560040734548272
PcEG2hM12VkTd62RPFQZ94N260MN8s343fyh7WMHNXTO9q50tcXuU1a/h17FQdW1,21,4.909162168687434,26.65102702326331,74.03373659976818,92.25482296860876,2,Interactive,0.09818324337374867,0.5330205404652663,1.4806747319953635,1.8450964593721753
PcEG2hM12VkTd62RPFQZ94N260MN8s343fyh7WMHNXTO9q50tcXuU1a/h17FQdW1,22,4.940686148905868,10.991942476463032,17.58060459990806,71.43446500949898,2,Interactive,0.09881372297811737,0.21983884952926064,0.3516120919981612,1.4286893001899796
PcEG2hM12VkTd62RPFQZ94N260MN8s343fyh7WMHNXTO9q50tcXuU1a/h17FQdW1,23,4.922845592827814,10.939764986115541,18.055139363806436,75.09812592609576,2,Interactive,0.09845691185655628,0.21879529972231082,0.3611027872761287,1.5019625185219152
VeFlyg2OBNhLcF26STv5OV08rETGpVdj6xegUbcLeE2H6yfRnKX1dTVfWoVoroKd,0,4.619789832680442,11.33532113497854,18.065312182104027,63.965046793500086,2,Delay-insensitive,0.09239579665360884,0.2267064226995708,0.3613062436420805,1.2793009358700018
VeFlyg2OBNhLcF26STv5OV08rETGpVdj6xegUbcLeE2H6yfRnKX1dTVfWoVoroKd,1,4.640608192438366,10.44151206049819,15.38322724560099,59.699358908600026,2,Delay-insensitive,0.09281216384876732,0.20883024120996382,0.3076645449120198,1.1939871781720006
VeFlyg2OBNhLcF26STv5OV08rETGpVdj6xegUbcLeE2H6yfRnKX1dTVfWoVoroKd,2,4.65436746725134,10.062884668253748,15.498786257386778,67.87066020826458,2,Delay-insensitive,0.09308734934502681,0.20125769336507496,0.3099757251477355,1.3574132041652915
VeFlyg2OBNhLcF26STv5OV08rETGpVdj6xegUbcLeE2H6yfRnKX1dTVfWoVoroKd,3,4.6811101212461805,9.758374337261431,15.273753026825114,66.35509698127673,2,Delay-insensitive,0.09362220242492361,0.19516748674522863,0.30547506053650225,1.3271019396255346
VeFlyg2OBNhLcF26STv5OV08rETGpVdj6xegUbcLeE2H6yfRnKX1dTVfWoVoroKd,4,4.601024480775163,9.984409445826214,14.811889666580376,62.75406853464919,2,Delay-insensitive,0.09202048961550326,0.1996881889165243,0.2962377933316075,1.2550813706929838
VeFlyg2OBNhLcF26STv5OV08rETGpVdj6xegUbcLeE2H6yfRnKX1dTVfWoVoroKd,5,4.633012263717503,9.951105112260002,15.261419913878555,64.29992719246722,2,Delay-insensitive,0.09266024527435006,0.19902210224520003,0.3052283982775711,1.2859985438493444
VeFlyg2OBNhLcF26STv5OV08rETGpVdj6xegUbcLeE2H6yfRnKX1dTVfWoVoroKd,6,4.613887068890144,9.868464900203373,15.385175322119537,62.88369429824686,2,Delay-insensitive,0.09227774137780288,0.19736929800406744,0.30770350644239075,1.2576738859649372
VeFlyg2OBNhLcF26STv5OV08rETGpVdj6xegUbcLeE2H6yfRnKX1dTVfWoVoroKd,7,4.682592707998504,9.941332801313967,15.23578539130914,55.2091093650635,2,Delay-insensitive,0.09365185415997007,0.19882665602627936,0.3047157078261828,1.10418218730127
VeFlyg2OBNhLcF26STv5OV08rETGpVdj6xegUbcLeE2H6yfRnKX1dTVfWoVoroKd,8,4.656211395969369,11.097199485919512,23.88535754961459,46.896945564784055,2,Delay-insensitive,0.09312422791938739,0.22194398971839024,0.4777071509922918,0.9379389112956811
VeFlyg2OBNhLcF26STv5OV08rETGpVdj6xegUbcLeE2H6yfRnKX1dTVfWoVoroKd,9,4.548407376729579,9.859569207152123,16.009076548015518,51.0618645241392,2,Delay-insensitive,0.09096814753459158,0.19719138414304246,0.3201815309603104,1.021237290482784
VeFlyg2OBNhLcF26STv5OV08rETGpVdj6xegUbcLeE2H6yfRnKX1dTVfWoVoroKd,10,4.585290911270699,10.110850747306097,17.118985458178685,66.39447315936252,2,Delay-insensitive,0.09170581822541399,0.20221701494612193,0.3423797091635737,1.3278894631872504
VeFlyg2OBNhLcF26STv5OV08rETGpVdj6xegUbcLeE2H6yfRnKX1dTVfWoVoroKd,11,4.528609286561515,9.931456720325103,16.702506723033714,67.84721880278042,2,Delay-insensitive,0.09057218573123031,0.19862913440650207,0.3340501344606743,1.3569443760556084
VeFlyg2OBNhLcF26STv5OV08rETGpVdj6xegUbcLeE2H6yfRnKX1dTVfWoVoroKd,12,4.604887972100306,10.558520729568588,19.147192920250664,62.85581660378102,2,Delay-insensitive,0.09209775944200611,0.21117041459137176,0.38294385840501327,1.2571163320756205
VeFlyg2OBNhLcF26STv5OV08rETGpVdj6xegUbcLeE2H6yfRnKX1dTVfWoVoroKd,13,4.435637976223492,10.018489257093348,16.017169430125573,57.60654249751507,2,Delay-insensitive,0.08871275952446984,0.20036978514186696,0.3203433886025115,1.1521308499503014
VeFlyg2OBNhLcF26STv5OV08rETGpVdj6xegUbcLeE2H6yfRnKX1dTVfWoVoroKd,14,4.479515600501218,9.94356982066145,15.058648595476091,54.49539645287835,2,Delay-insensitive,0.08959031201002436,0.198871396413229,0.3011729719095218,1.089907929057567
VeFlyg2OBNhLcF26STv5OV08rETGpVdj6xegUbcLeE2H6yfRnKX1dTVfWoVoroKd,15,4.587574350211824,10.042893321970896,16.570780693365272,57.558069537746206,2,Delay-insensitive,0.09175148700423648,0.20085786643941791,0.33141561386730545,1.151161390754924
VeFlyg2OBNhLcF26STv5OV08rETGpVdj6xegUbcLeE2H6yfRnKX1dTVfWoVoroKd,16,4.612427175786135,10.963558918254435,17.93039008059217,56.98783431218606,2,Delay-insensitive,0.0922485435157227,0.2192711783650887,0.35860780161184336,1.1397566862437212
VeFlyg2OBNhLcF26STv5OV08rETGpVdj6xegUbcLeE2H6yfRnKX1dTVfWoVoroKd,17,4.534904138752664,10.123920116923163,18.701651079000698,63.0772382281534,2,Delay-insensitive,0.09069808277505327,0.20247840233846326,0.37403302158001395,1.261544764563068
VeFlyg2OBNhLcF26STv5OV08rETGpVdj6xegUbcLeE2H6yfRnKX1dTVfWoVoroKd,18,4.617728743384136,9.896064457752002,18.094719729444076,61.29535899098966,2,Delay-insensitive,0.09235457486768273,0.19792128915504004,0.3618943945888815,1.2259071798197931
VeFlyg2OBNhLcF26STv5OV08rETGpVdj6xegUbcLeE2H6yfRnKX1dTVfWoVoroKd,19,4.637194527241595,9.966265341659417,17.642471965932398,61.24712876084292,2,Delay-insensitive,0.09274389054483191,0.19932530683318833,0.35284943931864793,1.2249425752168583
VeFlyg2OBNhLcF26STv5OV08rETGpVdj6xegUbcLeE2H6yfRnKX1dTVfWoVoroKd,20,4.423888234019728,9.933911200021397,17.625652312944545,60.51031274312797,2,Delay-insensitive,0.08847776468039456,0.19867822400042795,0.3525130462588909,1.2102062548625594
VeFlyg2OBNhLcF26STv5OV08rETGpVdj6xegUbcLeE2H6yfRnKX1dTVfWoVoroKd,21,4.493614521103239,9.89695080505211,17.6895169482239,59.71031284042809,2,Delay-insensitive,0.08987229042206478,0.19793901610104223,0.35379033896447803,1.1942062568085619
VeFlyg2OBNhLcF26STv5OV08rETGpVdj6xegUbcLeE2H6yfRnKX1dTVfWoVoroKd,22,4.4321992502625935,9.923737341877782,17.618264397239454,68.48241432244333,2,Delay-insensitive,0.08864398500525188,0.19847474683755564,0.35236528794478905,1.3696482864488666
VeFlyg2OBNhLcF26STv5OV08rETGpVdj6xegUbcLeE2H6yfRnKX1dTVfWoVoroKd,23,4.497763571888681,10.34540907149183,19.554416006846942,64.4582628045477,2,Delay-insensitive,0.08995527143777363,0.20690818142983658,0.39108832013693884,1.2891652560909541
XWRWBTprmdr8Ft7GxquqFb8cSMbgiGzXmYTheOlrr4f5VeFN5i0FMpzSoiImeskb,0,1.0983973638647313,2.2425903709704484,8.04554210471394,59.020934489033245,2,Interactive,0.021967947277294626,0.044851807419408966,0.1609108420942788,1.180418689780665
XWRWBTprmdr8Ft7GxquqFb8cSMbgiGzXmYTheOlrr4f5VeFN5i0FMpzSoiImeskb,1,1.1911232050362317,32.86576081611907,63.844327908903765,95.83027535385668,2,Interactive,0.023822464100724635,0.6573152163223814,1.2768865581780753,1.9166055070771335
XWRWBTprmdr8Ft7GxquqFb8cSMbgiGzXmYTheOlrr4f5VeFN5i0FMpzSoiImeskb,2,1.0938309189329334,22.640000868276285,37.495572892913,44.85070152563906,2,Interactive,0.021876618378658667,0.4528000173655257,0.7499114578582601,0.8970140305127812
XWRWBTprmdr8Ft7GxquqFb8cSMbgiGzXmYTheOlrr4f5VeFN5i0FMpzSoiImeskb,3,1.1207606456824932,13.44741571291942,53.70764722883278,95.19902307660692,2,Interactive,0.022415212913649864,0.2689483142583884,1.0741529445766558,1.9039804615321385
XWRWBTprmdr8Ft7GxquqFb8cSMbgiGzXmYTheOlrr4f5VeFN5i0FMpzSoiImeskb,4,1.162998964282774,27.696334600227903,75.0424083754087,84.30911876790475,2,Interactive,0.023259979285655482,0.553926692004558,1.500848167508174,1.686182375358095
XWRWBTprmdr8Ft7GxquqFb8cSMbgiGzXmYTheOlrr4f5VeFN5i0FMpzSoiImeskb,5,1.2899736687422036,70.02190542066457,79.55504135940896,91.50271453671728,2,Interactive,0.025799473374844072,1.4004381084132913,1.5911008271881792,1.8300542907343456
XWRWBTprmdr8Ft7GxquqFb8cSMbgiGzXmYTheOlrr4f5VeFN5i0FMpzSoiImeskb,6,12.76645798047779,73.80023003571563,86.9594626178892,92.76387026681235,2,Interactive,0.2553291596095558,1.4760046007143126,1.739189252357784,1.8552774053362469
XWRWBTprmdr8Ft7GxquqFb8cSMbgiGzXmYTheOlrr4f5VeFN5i0FMpzSoiImeskb,7,1.26566509544047,42.94203068953025,91.406620233421,93.49140775813416,2,Interactive,0.0253133019088094,0.858840613790605,1.82813240466842,1.8698281551626832
XWRWBTprmdr8Ft7GxquqFb8cSMbgiGzXmYTheOlrr4f5VeFN5i0FMpzSoiImeskb,8,1.0485913005132144,24.975499569883198,85.0315031425716,88.50025591405779,2,Interactive,0.02097182601026429,0.49950999139766394,1.700630062851432,1.7700051182811558
XWRWBTprmdr8Ft7GxquqFb8cSMbgiGzXmYTheOlrr4f5VeFN5i0FMpzSoiImeskb,9,1.069614051289857,2.434048640399284,11.578426063811694,80.60378878941529,2,Interactive,0.02139228102579714,0.04868097280798568,0.23156852127623387,1.6120757757883057
XWRWBTprmdr8Ft7GxquqFb8cSMbgiGzXmYTheOlrr4f5VeFN5i0FMpzSoiImeskb,10,1.091233424787451,1.5929122275586929,2.76561423655855,7.242444244739586,2,Interactive,0.021824668495749017,0.03185824455117386,0.055312284731170995,0.14484888489479172
XWRWBTprmdr8Ft7GxquqFb8cSMbgiGzXmYTheOlrr4f5VeFN5i0FMpzSoiImeskb,11,1.0220332953697628,3.1961641613449507,11.374405680564234,53.169882110035466,2,Interactive,0.020440665907395256,0.06392328322689901,0.22748811361128468,1.0633976422007094
XWRWBTprmdr8Ft7GxquqFb8cSMbgiGzXmYTheOlrr4f5VeFN5i0FMpzSoiImeskb,12,1.0048326639068188,1.7083091753022606,3.3835717990722,10.210659749582872,2,Interactive,0.020096653278136378,0.03416618350604521,0.067671435981444,0.20421319499165744
XWRWBTprmdr8Ft7GxquqFb8cSMbgiGzXmYTheOlrr4f5VeFN5i0FMpzSoiImeskb,13,1.022064884728091,1.893307134198456,5.0984379872795405,32.107546562673704,2,Interactive,0.020441297694561822,0.03786614268396912,0.1019687597455908,0.6421509312534741
XWRWBTprmdr8Ft7GxquqFb8cSMbgiGzXmYTheOlrr4f5VeFN5i0FMpzSoiImeskb,14,0.9873764218870844,22.401379858130866,88.25441427363246,94.77154211597968,2,Interactive,0.019747528437741687,0.4480275971626173,1.7650882854726493,1.8954308423195938
XWRWBTprmdr8Ft7GxquqFb8cSMbgiGzXmYTheOlrr4f5VeFN5i0FMpzSoiImeskb,15,1.0172790164688363,1.5715026620038002,2.5782043482593484,6.619237746373288,2,Interactive,0.020345580329376726,0.031430053240076,0.05156408696518697,0.13238475492746576
XWRWBTprmdr8Ft7GxquqFb8cSMbgiGzXmYTheOlrr4f5VeFN5i0FMpzSoiImeskb,16,1.0260374388135087,1.6694694827737078,3.6820448633679033,14.230875518401852,2,Interactive,0.020520748776270175,0.03338938965547415,0.07364089726735806,0.28461751036803706
XWRWBTprmdr8Ft7GxquqFb8cSMbgiGzXmYTheOlrr4f5VeFN5i0FMpzSoiImeskb,17,1.0274050322663864,1.5883347988327792,2.5439285452012026,6.250606899674521,2,Interactive,0.02054810064532773,0.03176669597665558,0.050878570904024055,0.12501213799349042
XWRWBTprmdr8Ft7GxquqFb8cSMbgiGzXmYTheOlrr4f5VeFN5i0FMpzSoiImeskb,18,0.9619542885953988,1.6196665282789098,2.136345354266585,6.417742367310291,2,Interactive,0.019239085771907975,0.03239333056557819,0.042726907085331695,0.12835484734620584
XWRWBTprmdr8Ft7GxquqFb8cSMbgiGzXmYTheOlrr4f5VeFN5i0FMpzSoiImeskb,19,1.05743233192588,13.584444766016206,83.21427830184224,95.69995689607347,2,Interactive,0.0211486466385176,0.27168889532032414,1.6642855660368447,1.9139991379214694
XWRWBTprmdr8Ft7GxquqFb8cSMbgiGzXmYTheOlrr4f5VeFN5i0FMpzSoiImeskb,20,1.0671727790869276,2.6791412889897446,6.56314457257538,6.869249054277325,2,Interactive,0.021343455581738554,0.05358282577979489,0.1312628914515076,0.1373849810855465
XWRWBTprmdr8Ft7GxquqFb8cSMbgiGzXmYTheOlrr4f5VeFN5i0FMpzSoiImeskb,21,1.0696622063932786,1.661182479639012,2.5372303608223152,8.6945512959492,2,Interactive,0.02139324412786557,0.03322364959278024,0.0507446072164463,0.173891025918984
XWRWBTprmdr8Ft7GxquqFb8cSMbgiGzXmYTheOlrr4f5VeFN5i0FMpzSoiImeskb,22,1.0548529326261429,3.891748834418039,13.813932426877017,61.163074434518,2,Interactive,0.021097058652522857,0.07783497668836077,0.27627864853754036,1.22326148869036
XWRWBTprmdr8Ft7GxquqFb8cSMbgiGzXmYTheOlrr4f5VeFN5i0FMpzSoiImeskb,23,1.0544931270697528,1.6235195858188085,3.43252732694016,7.840770711405175,2,Interactive,0.021089862541395058,0.03247039171637617,0.0686505465388032,0.1568154142281035
ijoBfJR0CggSbCZZVeog0iXfa004A2Yzu+PGIIfXQlRHglqd5k02Q1DVHh6JNsiz,0,6.26407299136422,10.598989770221435,14.374044414521627,63.664921471287286,2,Delay-insensitive,0.1252814598272844,0.21197979540442868,0.28748088829043256,1.2732984294257457
ijoBfJR0CggSbCZZVeog0iXfa004A2Yzu+PGIIfXQlRHglqd5k02Q1DVHh6JNsiz,1,6.192134186176925,10.973149013847276,15.58630624168919,64.05734096015206,2,Delay-insensitive,0.1238426837235385,0.21946298027694552,0.3117261248337838,1.2811468192030413
ijoBfJR0CggSbCZZVeog0iXfa004A2Yzu+PGIIfXQlRHglqd5k02Q1DVHh6JNsiz,2,6.417906797791543,10.902804578585148,15.478310630062346,48.68284863673002,2,Delay-insensitive,0.12835813595583087,0.21805609157170294,0.3095662126012469,0.9736569727346004
ijoBfJR0CggSbCZZVeog0iXfa004A2Yzu+PGIIfXQlRHglqd5k02Q1DVHh6JNsiz,3,6.485493749279461,10.758960515576227,15.312610844447496,44.70110647834597,2,Delay-insensitive,0.12970987498558922,0.21517921031152454,0.30625221688894994,0.8940221295669194
ijoBfJR0CggSbCZZVeog0iXfa004A2Yzu+PGIIfXQlRHglqd5k02Q1DVHh6JNsiz,4,5.836283919908904,11.009852234188655,22.234069055203445,81.62486133555274,2,Delay-insensitive,0.11672567839817807,0.2201970446837731,0.4446813811040689,1.6324972267110547
ijoBfJR0CggSbCZZVeog0iXfa004A2Yzu+PGIIfXQlRHglqd5k02Q1DVHh6JNsiz,5,5.793867287467238,13.302475569390522,19.91909351105541,74.83206331406154,2,Delay-insensitive,0.11587734574934476,0.2660495113878104,0.3983818702211082,1.496641266281231
ijoBfJR0CggSbCZZVeog0iXfa004A2Yzu+PGIIfXQlRHglqd5k02Q1DVHh6JNsiz,6,6.105134185987454,10.530405293375031,14.670142001091062,56.46668508698006,2,Delay-insensitive,0.12210268371974908,0.21060810586750062,0.2934028400218212,1.1293337017396012
ijoBfJR0CggSbCZZVeog0iXfa004A2Yzu+PGIIfXQlRHglqd5k02Q1DVHh6JNsiz,7,5.961673630439753,10.631707962224082,15.22858674897954,62.0994419423948,2,Delay-insensitive,0.11923347260879506,0.21263415924448165,0.3045717349795908,1.241988838847896
ijoBfJR0CggSbCZZVeog0iXfa004A2Yzu+PGIIfXQlRHglqd5k02Q1DVHh6JNsiz,8,6.236815938293177,10.67124319888083,14.559156324437216,63.64256381082699,2,Delay-insensitive,0.12473631876586355,0.21342486397761662,0.29118312648874434,1.2728512762165398
ijoBfJR0CggSbCZZVeog0iXfa004A2Yzu+PGIIfXQlRHglqd5k02Q1DVHh6JNsiz,9,6.239311616938943,10.720699248253085,15.143562967048936,69.2122244835006,2,Delay-insensitive,0.12478623233877886,0.2144139849650617,0.30287125934097875,1.3842444896700121
ijoBfJR0CggSbCZZVeog0iXfa004A2Yzu+PGIIfXQlRHglqd5k02Q1DVHh6JNsiz,10,5.868704608807587,10.491784455098488,14.6065049945669,66.30113532578042,2,Delay-insensitive,0.11737409217615173,0.20983568910196976,0.292130099891338,1.3260227065156085
ijoBfJR0CggSbCZZVeog0iXfa004A2Yzu+PGIIfXQlRHglqd5k02Q1DVHh6JNsiz,11,5.625662599660776,10.296225983079145,14.38658217352124,63.4968208552356,2,Delay-insensitive,0.11251325199321553,0.2059245196615829,0.2877316434704248,1.269936417104712
ijoBfJR0CggSbCZZVeog0iXfa004A2Yzu+PGIIfXQlRHglqd5k02Q1DVHh6JNsiz,12,5.864919182084047,10.025799903965355,14.133341736442556,58.62882651366199,2,Delay-insensitive,0.11729838364168094,0.2005159980793071,0.2826668347288511,1.1725765302732398
ijoBfJR0CggSbCZZVeog0iXfa004A2Yzu+PGIIfXQlRHglqd5k02Q1DVHh6JNsiz,13,6.083966862725847,11.257513903466469,15.835034492791536,54.86829152661075,2,Delay-insensitive,0.12167933725451695,0.22515027806932938,0.3167006898558307,1.097365830532215
ijoBfJR0CggSbCZZVeog0iXfa004A2Yzu+PGIIfXQlRHglqd5k02Q1DVHh6JNsiz,14,5.95681468238533,10.085379747327996,13.645305771305903,48.392325761726234,2,Delay-insensitive,0.1191362936477066,0.20170759494655993,0.2729061154261181,0.9678465152345247
ijoBfJR0CggSbCZZVeog0iXfa004A2Yzu+PGIIfXQlRHglqd5k02Q1DVHh6JNsiz,15,6.1357741421432745,9.958702462618463,13.879031520455968,48.48006931046556,2,Delay-insensitive,0.12271548284286549,0.19917404925236926,0.27758063040911934,0.9696013862093111
ijoBfJR0CggSbCZZVeog0iXfa004A2Yzu+PGIIfXQlRHglqd5k02Q1DVHh6JNsiz,16,6.024603209038283,9.984605319045809,14.352126126928905,40.211899719128816,2,Delay-insensitive,0.12049206418076565,0.19969210638091617,0.2870425225385781,0.8042379943825764
ijoBfJR0CggSbCZZVeog0iXfa004A2Yzu+PGIIfXQlRHglqd5k02Q1DVHh6JNsiz,17,5.962852499973071,11.06678312851927,16.59640956127779,42.804413801124845,2,Delay-insensitive,0.11925704999946142,0.22133566257038542,0.33192819122555584,0.8560882760224969
ijoBfJR0CggSbCZZVeog0iXfa004A2Yzu+PGIIfXQlRHglqd5k02Q1DVHh6JNsiz,18,5.756896525005283,10.419461759278574,13.968488122959268,48.82404744941703,2,Delay-insensitive,0.11513793050010566,0.20838923518557148,0.2793697624591854,0.9764809489883406
ijoBfJR0CggSbCZZVeog0iXfa004A2Yzu+PGIIfXQlRHglqd5k02Q1DVHh6JNsiz,19,5.686394342075396,10.1307433678206,13.750130437574036,49.97881315007452,2,Delay-insensitive,0.11372788684150793,0.202614867356412,0.27500260875148075,0.9995762630014905
ijoBfJR0CggSbCZZVeog0iXfa004A2Yzu+PGIIfXQlRHglqd5k02Q1DVHh6JNsiz,20,5.88759992974424,10.332943939728152,13.876473710442935,59.035042299063015,2,Delay-insensitive,0.11775199859488479,0.20665887879456302,0.2775294742088587,1.1807008459812602
ijoBfJR0CggSbCZZVeog0iXfa004A2Yzu+PGIIfXQlRHglqd5k02Q1DVHh6JNsiz,21,5.798188782929104,11.690828390572571,19.810257878314825,70.60324329632334,2,Delay-insensitive,0.11596377565858208,0.23381656781145144,0.3962051575662965,1.4120648659264667
ijoBfJR0CggSbCZZVeog0iXfa004A2Yzu+PGIIfXQlRHglqd5k02Q1DVHh6JNsiz,22,5.859802245428264,10.658210758971224,14.209987147045696,67.58870865283295,2,Delay-insensitive,0.11719604490856528,0.2131642151794245,0.28419974294091394,1.351774173056659
ijoBfJR0CggSbCZZVeog0iXfa004A2Yzu+PGIIfXQlRHglqd5k02Q1DVHh6JNsiz,23,5.774041618540407,10.673908561747313,14.407943224808209,65.56877518375302,2,Delay-insensitive,0.11548083237080814,0.21347817123494625,0.2881588644961642,1.3113755036750603
lSIMt2cuq9kHazL4DQMLodfFZLlhg8Bo1gOcSejhsdLyn6iIfD9N8m9VtTDEBxid,0,11.636089187298484,29.081442207742572,33.47250899408387,48.192714044606895,2,Interactive,0.2327217837459697,0.5816288441548515,0.6694501798816773,0.9638542808921379
lSIMt2cuq9kHazL4DQMLodfFZLlhg8Bo1gOcSejhsdLyn6iIfD9N8m9VtTDEBxid,1,13.519836710057554,26.531747352184315,30.515849107585435,49.0368658012154,2,Interactive,0.27039673420115107,0.5306349470436863,0.6103169821517087,0.980737316024308
lSIMt2cuq9kHazL4DQMLodfFZLlhg8Bo1gOcSejhsdLyn6iIfD9N8m9VtTDEBxid,2,8.948204460085812,24.95195670443673,28.63679093072863,38.4649661698235,2,Interactive,0.17896408920171625,0.49903913408873457,0.5727358186145726,0.76929932339647
lSIMt2cuq9kHazL4DQMLodfFZLlhg8Bo1gOcSejhsdLyn6iIfD9N8m9VtTDEBxid,3,8.235769853962838,23.15073373136474,25.79747083541871,36.78247516901422,2,Interactive,0.16471539707925675,0.4630146746272948,0.5159494167083742,0.7356495033802843
lSIMt2cuq9kHazL4DQMLodfFZLlhg8Bo1gOcSejhsdLyn6iIfD9N8m9VtTDEBxid,4,9.452851713879166,19.948856575500518,22.965704304017155,32.85376427427526,2,Interactive,0.18905703427758333,0.39897713151001035,0.4593140860803431,0.6570752854855051
lSIMt2cuq9kHazL4DQMLodfFZLlhg8Bo1gOcSejhsdLyn6iIfD9N8m9VtTDEBxid,5,7.929428878900115,15.85613518886803,17.15027568568578,26.682684723192615,2,Interactive,0.1585885775780023,0.3171227037773606,0.3430055137137156,0.5336536944638524
lSIMt2cuq9kHazL4DQMLodfFZLlhg8Bo1gOcSejhsdLyn6iIfD9N8m9VtTDEBxid,6,5.2601359055058445,13.671782814662386,15.568780739825892,70.85136260154803,2,Interactive,0.10520271811011689,0.27343565629324773,0.3113756147965178,1.4170272520309606
lSIMt2cuq9kHazL4DQMLodfFZLlhg8Bo1gOcSejhsdLyn6iIfD9N8m9VtTDEBxid,7,5.746936483298796,12.261393842278364,14.217119302573328,31.076305087533008,2,Interactive,0.11493872966597593,0.2452278768455673,0.28434238605146656,0.6215261017506601
lSIMt2cuq9kHazL4DQMLodfFZLlhg8Bo1gOcSejhsdLyn6iIfD9N8m9VtTDEBxid,8,4.64935063480245,12.171617298451451,14.388892106803462,26.162193764751848,2,Interactive,0.09298701269604899,0.24343234596902902,0.2877778421360693,0.5232438752950369
lSIMt2cuq9kHazL4DQMLodfFZLlhg8Bo1gOcSejhsdLyn6iIfD9N8m9VtTDEBxid,9,6.2138721021282635,12.66555792951418,14.575599701042565,25.257656675330704,2,Interactive,0.12427744204256527,0.2533111585902836,0.2915119940208513,0.5051531335066141
lSIMt2cuq9kHazL4DQMLodfFZLlhg8Bo1gOcSejhsdLyn6iIfD9N8m9VtTDEBxid,10,6.6468144812778815,14.635296067227541,17.336115128477566,27.312215493404768,2,Interactive,0.13293628962555762,0.2927059213445508,0.34672230256955133,0.5462443098680954
lSIMt2cuq9kHazL4DQMLodfFZLlhg8Bo1gOcSejhsdLyn6iIfD9N8m9VtTDEBxid,11,10.396689310291544,22.318923825799274,27.047602500744365,39.0424344869721,2,Interactive,0.2079337862058309,0.4463784765159855,0.5409520500148873,0.780848689739442
lSIMt2cuq9kHazL4DQMLodfFZLlhg8Bo1gOcSejhsdLyn6iIfD9N8m9VtTDEBxid,12,11.88975443559152,30.569144581461632,35.339021035566375,52.980853228758505,2,Interactive,0.23779508871183042,0.6113828916292326,0.7067804207113275,1.0596170645751701
lSIMt2cuq9kHazL4DQMLodfFZLlhg8Bo1gOcSejhsdLyn6iIfD9N8m9VtTDEBxid,13,17.673631921582793,39.90331530896123,46.78008840617438,65.59404779333137,2,Interactive,0.35347263843165583,0.7980663061792247,0.9356017681234876,1.3118809558666273
lSIMt2cuq9kHazL4DQMLodfFZLlhg8Bo1gOcSejhsdLyn6iIfD9N8m9VtTDEBxid,14,24.0989491857054,45.57758079369905,51.4938471081173,74.10855122951422,2,Interactive,0.481978983714108,0.9115516158739809,1.029876942162346,1.4821710245902844
lSIMt2cuq9kHazL4DQMLodfFZLlhg8Bo1gOcSejhsdLyn6iIfD9N8m9VtTDEBxid,15,29.396857073212296,48.883449092193615,51.43809719668917,73.83159306085302,2,Interactive,0.5879371414642459,0.9776689818438723,1.0287619439337834,1.4766318612170606
lSIMt2cuq9kHazL4DQMLodfFZLlhg8Bo1gOcSejhsdLyn6iIfD9N8m9VtTDEBxid,16,23.956126059080397,47.638188142022535,57.07878745742895,78.47821424233517,2,Interactive,0.4791225211816079,0.9527637628404507,1.141575749148579,1.5695642848467033
lSIMt2cuq9kHazL4DQMLodfFZLlhg8Bo1gOcSejhsdLyn6iIfD9N8m9VtTDEBxid,17,20.842987404124123,45.2976937075159,77.51276186975127,88.70595123874716,2,Interactive,0.4168597480824825,0.9059538741503179,1.5502552373950254,1.7741190247749432
lSIMt2cuq9kHazL4DQMLodfFZLlhg8Bo1gOcSejhsdLyn6iIfD9N8m9VtTDEBxid,18,22.46864977392163,37.77549243712546,47.18939326001658,59.56989852699985,2,Interactive,0.4493729954784326,0.7555098487425091,0.9437878652003316,1.191397970539997
lSIMt2cuq9kHazL4DQMLodfFZLlhg8Bo1gOcSejhsdLyn6iIfD9N8m9VtTDEBxid,19,14.963487967855665,34.33900834799372,37.40352169896003,58.76944775071634,2,Interactive,0.2992697593571133,0.6867801669598744,0.7480704339792006,1.1753889550143268
lSIMt2cuq9kHazL4DQMLodfFZLlhg8Bo1gOcSejhsdLyn6iIfD9N8m9VtTDEBxid,20,13.74813904262605,28.49982130668188,31.82585216670975,47.21516545098134,2,Interactive,0.274962780852521,0.5699964261336377,0.636517043334195,0.9443033090196268
lSIMt2cuq9kHazL4DQMLodfFZLlhg8Bo1gOcSejhsdLyn6iIfD9N8m9VtTDEBxid,21,11.115959451260712,23.962341362906617,28.586969568856013,42.65398142279732,2,Interactive,0.22231918902521425,0.47924682725813234,0.5717393913771203,0.8530796284559464
lSIMt2cuq9kHazL4DQMLodfFZLlhg8Bo1gOcSejhsdLyn6iIfD9N8m9VtTDEBxid,22,6.16541477640552,19.489575029939015,23.722003094624856,50.692630474090514,2,Interactive,0.12330829552811039,0.3897915005987803,0.4744400618924971,1.0138526094818103
lSIMt2cuq9kHazL4DQMLodfFZLlhg8Bo1gOcSejhsdLyn6iIfD9N8m9VtTDEBxid,23,6.1412991568555615,17.922464236575493,22.31686920693432,70.81847949557243,2,Interactive,0.12282598313711122,0.3584492847315099,0.4463373841386864,1.4163695899114486
