scenario,probability,batch_job_id,parent_workload_id,source_time,demand
scen_01,0.1,bj_00_t00,bj_00,0,0.9756005827063188
scen_02,0.1,bj_00_t00,bj_00,0,0.8884289461033705
scen_03,0.1,bj_00_t00,bj_00,0,1.202555310426221
scen_04,0.1,bj_00_t00,bj_00,0,0.6040417774141211
scen_05,0.1,bj_00_t00,bj_00,0,0.8498369024867136
scen_06,0.1,bj_00_t00,bj_00,0,1.1222939311200604
scen_07,0.1,bj_00_t00,bj_00,0,1.0836946802193457
scen_08,0.1,bj_00_t00,bj_00,0,1.1033879278062206
scen_09,0.1,bj_00_t00,bj_00,0,0.9633036492993277
scen_10,0.1,bj_00_t00,bj_00,0,1.1459160808178206
scen_01,0.1,bj_00_t01,bj_00,1,1.2896897693048914
scen_02,0.1,bj_00_t01,bj_00,1,0.8999900010095032
scen_03,0.1,bj_00_t01,bj_00,1,0.8345056638342669
scen_04,0.1,bj_00_t01,bj_00,1,0.6623270587166558
scen_05,0.1,bj_00_t01,bj_00,1,0.6300997051293215
scen_06,0.1,bj_00_t01,bj_00,1,1.0684995663225603
scen_07,0.1,bj_00_t01,bj_00,1,0.6367799379429584
scen_08,0.1,bj_00_t01,bj_00,1,0.5906471220711215
scen_09,0.1,bj_00_t01,bj_00,1,0.9665541727408707
scen_10,0.1,bj_00_t01,bj_00,1,0.640613851765161
scen_01,0.1,bj_00_t02,bj_00,2,0.8914397018073301
scen_02,0.1,bj_00_t02,bj_00,2,0.9223855771207858
scen_03,0.1,bj_00_t02,bj_00,2,1.0074539197711392
scen_04,0.1,bj_00_t02,bj_00,2,0.9286473870887155
scen_05,0.1,bj_00_t02,bj_00,2,0.7975163293310537
scen_06,0.1,bj_00_t02,bj_00,2,0.833496499452897
scen_07,0.1,bj_00_t02,bj_00,2,0.7001211371216067
scen_08,0.1,bj_00_t02,bj_00,2,0.7529161133398459
scen_09,0.1,bj_00_t02,bj_00,2,0.8273242454211006
scen_10,0.1,bj_00_t02,bj_00,2,0.7621385950384243
scen_01,0.1,bj_00_t03,bj_00,3,0.9180004743082635
scen_02,0.1,bj_00_t03,bj_00,3,0.8484252099610567
scen_03,0.1,bj_00_t03,bj_00,3,0.843203123843024
scen_04,0.1,bj_00_t03,bj_00,3,0.8995582989456389
scen_05,0.1,bj_00_t03,bj_00,3,0.9868560974296015
scen_06,0.1,bj_00_t03,bj_00,3,0.901912671030028
scen_07,0.1,bj_00_t03,bj_00,3,0.646806142875345
scen_08,0.1,bj_00_t03,bj_00,3,0.9285216912908936
scen_09,0.1,bj_00_t03,bj_00,3,0.600955621388743
scen_10,0.1,bj_00_t03,bj_00,3,1.0052238303519625
scen_01,0.1,bj_00_t04,bj_00,4,1.0630847289063263
scen_02,0.1,bj_00_t04,bj_00,4,0.9982292145762567
scen_03,0.1,bj_00_t04,bj_00,4,0.858331407228196
scen_04,0.1,bj_00_t04,bj_00,4,0.8853382047985698
scen_05,0.1,bj_00_t04,bj_00,4,0.8249581867174949
scen_06,0.1,bj_00_t04,bj_00,4,0.8755675338741027
scen_07,0.1,bj_00_t04,bj_00,4,0.8129779391337719
scen_08,0.1,bj_00_t04,bj_00,4,1.0486875220760778
scen_09,0.1,bj_00_t04,bj_00,4,1.0380776781533425
scen_10,0.1,bj_00_t04,bj_00,4,1.1728965692524698
scen_01,0.1,bj_00_t05,bj_00,5,0.6482220035255057
scen_02,0.1,bj_00_t05,bj_00,5,0.9866946166871088
scen_03,0.1,bj_00_t05,bj_00,5,0.8047623288353359
scen_04,0.1,bj_00_t05,bj_00,5,0.8098439823352063
scen_05,0.1,bj_00_t05,bj_00,5,0.9763248904112857
scen_06,0.1,bj_00_t05,bj_00,5,1.0149256355357417
scen_07,0.1,bj_00_t05,bj_00,5,1.0419016845797824
scen_08,0.1,bj_00_t05,bj_00,5,0.809832386924777
scen_09,0.1,bj_00_t05,bj_00,5,1.0131574772058842
scen_10,0.1,bj_00_t05,bj_00,5,1.0253835463800018
scen_01,0.1,bj_00_t06,bj_00,6,0.997088321200069
scen_02,0.1,bj_00_t06,bj_00,6,0.5773368522813692
scen_03,0.1,bj_00_t06,bj_00,6,0.7854677266033459
scen_04,0.1,bj_00_t06,bj_00,6,1.033028845352912
scen_05,0.1,bj_00_t06,bj_00,6,0.9734052649026947
scen_06,0.1,bj_00_t06,bj_00,6,0.937965464290877
scen_07,0.1,bj_00_t06,bj_00,6,0.5640134245749047
scen_08,0.1,bj_00_t06,bj_00,6,0.840026967335787
scen_09,0.1,bj_00_t06,bj_00,6,0.9774912635495885
scen_10,0.1,bj_00_t06,bj_00,6,0.8361152036387267
scen_01,0.1,bj_00_t07,bj_00,7,1.0275418498792406
scen_02,0.1,bj_00_t07,bj_00,7,0.8865356603517307
scen_03,0.1,bj_00_t07,bj_00,7,0.963900798395674
scen_04,0.1,bj_00_t07,bj_00,7,0.49996233775508087
scen_05,0.1,bj_00_t07,bj_00,7,1.0028522876081023
scen_06,0.1,bj_00_t07,bj_00,7,0.8746366286572662
scen_07,0.1,bj_00_t07,bj_00,7,0.8357675063315075
scen_08,0.1,bj_00_t07,bj_00,7,0.5992560209565193
scen_09,0.1,bj_00_t07,bj_00,7,0.7988039305541477
scen_10,0.1,bj_00_t07,bj_00,7,0.9669606360237889
scen_01,0.1,bj_00_t08,bj_00,8,0.9814071767190147
scen_02,0.1,bj_00_t08,bj_00,8,0.915640312847579
scen_03,0.1,bj_00_t08,bj_00,8,1.006553351473601
scen_04,0.1,bj_00_t08,bj_00,8,0.8550969527144034
scen_05,0.1,bj_00_t08,bj_00,8,0.9943900496399126
scen_06,0.1,bj_00_t08,bj_00,8,0.698529264966179
scen_07,0.1,bj_00_t08,bj_00,8,1.0760479493617885
scen_08,0.1,bj_00_t08,bj_00,8,0.7567682274890252
scen_09,0.1,bj_00_t08,bj_00,8,0.6927560627114059
scen_10,0.1,bj_00_t08,bj_00,8,0.9885332059665073
scen_01,0.1,bj_00_t09,bj_00,9,1.4560669918146387
scen_02,0.1,bj_00_t09,bj_00,9,1.4807750217520164
scen_03,0.1,bj_00_t09,bj_00,9,1.3455359673709952
scen_04,0.1,bj_00_t09,bj_00,9,1.4876091519577814
scen_05,0.1,bj_00_t09,bj_00,9,1.2444342590369093
scen_06,0.1,bj_00_t09,bj_00,9,0.9136525155328279
scen_07,0.1,bj_00_t09,bj_00,9,1.4549723913565087
scen_08,0.1,bj_00_t09,bj_00,9,1.6125899186761399
scen_09,0.1,bj_00_t09,bj_00,9,0.9709178016070625
scen_10,0.1,bj_00_t09,bj_00,9,1.4680371824681466
scen_01,0.1,bj_00_t10,bj_00,10,1.5945002461096132
scen_02,0.1,bj_00_t10,bj_00,10,1.3486663189126262
scen_03,0.1,bj_00_t10,bj_00,10,1.0576268364850345
scen_04,0.1,bj_00_t10,bj_00,10,1.398000766377581
scen_05,0.1,bj_00_t10,bj_00,10,1.6371112332985347
scen_06,0.1,bj_00_t10,bj_00,10,1.6807257713783397
scen_07,0.1,bj_00_t10,bj_00,10,1.7007063114509986
scen_08,0.1,bj_00_t10,bj_00,10,0.9800844225033298
scen_09,0.1,bj_00_t10,bj_00,10,1.562890327388811
scen_10,0.1,bj_00_t10,bj_00,10,1.5524719764741641
scen_01,0.1,bj_00_t11,bj_00,11,1.451875911537061
scen_02,0.1,bj_00_t11,bj_00,11,1.6614813781470559
scen_03,0.1,bj_00_t11,bj_00,11,1.2989733156198089
scen_04,0.1,bj_00_t11,bj_00,11,1.4234337895829166
scen_05,0.1,bj_00_t11,bj_00,11,1.2446332299365637
scen_06,0.1,bj_00_t11,bj_00,11,1.5534115927386059
scen_07,0.1,bj_00_t11,bj_00,11,1.6085032518941507
scen_08,0.1,bj_00_t11,bj_00,11,1.684128319386856
scen_09,0.1,bj_00_t11,bj_00,11,1.4884134864363783
scen_10,0.1,bj_00_t11,bj_00,11,1.374096007371818
scen_01,0.1,bj_00_t12,bj_00,12,1.7016523467926925
scen_02,0.1,bj_00_t12,bj_00,12,1.1803156298631687
scen_03,0.1,bj_00_t12,bj_00,12,0.951511569515305
scen_04,0.1,bj_00_t12,bj_00,12,1.2820860832832688
scen_05,0.1,bj_00_t12,bj_00,12,1.5443004438068022
scen_06,0.1,bj_00_t12,bj_00,12,1.200246263890575
scen_07,0.1,bj_00_t12,bj_00,12,1.6467344883426958
scen_08,0.1,bj_00_t12,bj_00,12,1.6654802446095078
scen_09,0.1,bj_00_t12,bj_00,12,1.3249999538659254
scen_10,0.1,bj_00_t12,bj_00,12,1.2191122273728392
scen_01,0.1,bj_00_t13,bj_00,13,1.5006078901494813
scen_02,0.1,bj_00_t13,bj_00,13,1.5357917944076056
scen_03,0.1,bj_00_t13,bj_00,13,1.38185388940382
scen_04,0.1,bj_00_t13,bj_00,13,1.1085777251413995
scen_05,0.1,bj_00_t13,bj_00,13,1.555831590247262
scen_06,0.1,bj_00_t13,bj_00,13,1.4369303874864006
scen_07,0.1,bj_00_t13,bj_00,13,1.585604637927523
scen_08,0.1,bj_00_t13,bj_00,13,1.6624079594288736
scen_09,0.1,bj_00_t13,bj_00,13,1.13635541806441
scen_10,0.1,bj_00_t13,bj_00,13,1.4970083320066796
scen_01,0.1,bj_00_t14,bj_00,14,1.6259429211572622
scen_02,0.1,bj_00_t14,bj_00,14,1.3957367243188186
scen_03,0.1,bj_00_t14,bj_00,14,1.6590886488262773
scen_04,0.1,bj_00_t14,bj_00,14,0.9908828507200537
scen_05,0.1,bj_00_t14,bj_00,14,1.5195397485952906
scen_06,0.1,bj_00_t14,bj_00,14,1.6250451159655743
scen_07,0.1,bj_00_t14,bj_00,14,1.5453749130894392
scen_08,0.1,bj_00_t14,bj_00,14,1.6791950422643138
scen_09,0.1,bj_00_t14,bj_00,14,1.183644269532139
scen_10,0.1,bj_00_t14,bj_00,14,1.5651857112781857
scen_01,0.1,bj_00_t15,bj_00,15,1.6463530891876368
scen_02,0.1,bj_00_t15,bj_00,15,1.1725542259536696
scen_03,0.1,bj_00_t15,bj_00,15,1.701365656152088
scen_04,0.1,bj_00_t15,bj_00,15,1.292326358395256
scen_05,0.1,bj_00_t15,bj_00,15,1.6398782628467714
scen_06,0.1,bj_00_t15,bj_00,15,1.656876605555944
scen_07,0.1,bj_00_t15,bj_00,15,1.3670706379329922
scen_08,0.1,bj_00_t15,bj_00,15,1.1284169745345438
scen_09,0.1,bj_00_t15,bj_00,15,0.9360366777724746
scen_10,0.1,bj_00_t15,bj_00,15,1.6764437681788729
scen_01,0.1,bj_00_t16,bj_00,16,1.6538432823311746
scen_02,0.1,bj_00_t16,bj_00,16,1.642313903232383
scen_03,0.1,bj_00_t16,bj_00,16,1.3828872552637412
scen_04,0.1,bj_00_t16,bj_00,16,1.1804310904832127
scen_05,0.1,bj_00_t16,bj_00,16,1.5038837778319722
scen_06,0.1,bj_00_t16,bj_00,16,1.05288599236947
scen_07,0.1,bj_00_t16,bj_00,16,1.6364439734207807
scen_08,0.1,bj_00_t16,bj_00,16,1.649519494023228
scen_09,0.1,bj_00_t16,bj_00,16,1.3467550002125832
scen_10,0.1,bj_00_t16,bj_00,16,1.4656712282919035
scen_01,0.1,bj_00_t17,bj_00,17,1.6125137650527472
scen_02,0.1,bj_00_t17,bj_00,17,1.5327073248891776
scen_03,0.1,bj_00_t17,bj_00,17,0.9334933804598664
scen_04,0.1,bj_00_t17,bj_00,17,1.4305184756979619
scen_05,0.1,bj_00_t17,bj_00,17,1.3393127025423976
scen_06,0.1,bj_00_t17,bj_00,17,1.6686726970436112
scen_07,0.1,bj_00_t17,bj_00,17,1.4270257121362286
scen_08,0.1,bj_00_t17,bj_00,17,1.5174835668217703
scen_09,0.1,bj_00_t17,bj_00,17,1.7123512405615178
scen_10,0.1,bj_00_t17,bj_00,17,1.5813691257810716
scen_01,0.1,bj_00_t18,bj_00,18,1.2070243331870396
scen_02,0.1,bj_00_t18,bj_00,18,1.5660303247433558
scen_03,0.1,bj_00_t18,bj_00,18,1.593146713989237
scen_04,0.1,bj_00_t18,bj_00,18,1.0915962203609562
scen_05,0.1,bj_00_t18,bj_00,18,1.3533981729158664
scen_06,0.1,bj_00_t18,bj_00,18,1.3201482390372001
scen_07,0.1,bj_00_t18,bj_00,18,1.3965115261571306
scen_08,0.1,bj_00_t18,bj_00,18,1.257411025543933
scen_09,0.1,bj_00_t18,bj_00,18,1.599585247200711
scen_10,0.1,bj_00_t18,bj_00,18,1.429450006177595
scen_01,0.1,bj_00_t19,bj_00,19,1.2020146013174349
scen_02,0.1,bj_00_t19,bj_00,19,1.0440165874705087
scen_03,0.1,bj_00_t19,bj_00,19,1.5919604381188672
scen_04,0.1,bj_00_t19,bj_00,19,1.5891269958006369
scen_05,0.1,bj_00_t19,bj_00,19,1.6259549793665247
scen_06,0.1,bj_00_t19,bj_00,19,1.4359414339177135
scen_07,0.1,bj_00_t19,bj_00,19,1.7142453045268171
scen_08,0.1,bj_00_t19,bj_00,19,1.6846601809166357
scen_09,0.1,bj_00_t19,bj_00,19,1.3171874214352157
scen_10,0.1,bj_00_t19,bj_00,19,1.4726540986890986
scen_01,0.1,bj_00_t20,bj_00,20,1.7553663492800504
scen_02,0.1,bj_00_t20,bj_00,20,1.3033483096034806
scen_03,0.1,bj_00_t20,bj_00,20,1.3280734688715348
scen_04,0.1,bj_00_t20,bj_00,20,1.1158821827110108
scen_05,0.1,bj_00_t20,bj_00,20,1.538891098187493
scen_06,0.1,bj_00_t20,bj_00,20,1.376363021272436
scen_07,0.1,bj_00_t20,bj_00,20,1.3383280712296715
scen_08,0.1,bj_00_t20,bj_00,20,1.678666664171344
scen_09,0.1,bj_00_t20,bj_00,20,1.6592449018981066
scen_10,0.1,bj_00_t20,bj_00,20,1.3434539772445608
scen_01,0.1,bj_00_t21,bj_00,21,1.3449867317938993
scen_02,0.1,bj_00_t21,bj_00,21,1.6972250602459242
scen_03,0.1,bj_00_t21,bj_00,21,1.203626098850417
scen_04,0.1,bj_00_t21,bj_00,21,1.594046914963402
scen_05,0.1,bj_00_t21,bj_00,21,1.7042826775748803
scen_06,0.1,bj_00_t21,bj_00,21,1.6276812296049885
scen_07,0.1,bj_00_t21,bj_00,21,1.3941323388331537
scen_08,0.1,bj_00_t21,bj_00,21,1.5550856629877692
scen_09,0.1,bj_00_t21,bj_00,21,1.4589518917853463
scen_10,0.1,bj_00_t21,bj_00,21,1.1990454936836665
scen_01,0.1,bj_00_t22,bj_00,22,1.5776789966161706
scen_02,0.1,bj_00_t22,bj_00,22,1.15038904255956
scen_03,0.1,bj_00_t22,bj_00,22,1.0384966855191147
scen_04,0.1,bj_00_t22,bj_00,22,1.1077370630490235
scen_05,0.1,bj_00_t22,bj_00,22,1.6876013898836195
scen_06,0.1,bj_00_t22,bj_00,22,1.4670769115255538
scen_07,0.1,bj_00_t22,bj_00,22,1.7243028361038553
scen_08,0.1,bj_00_t22,bj_00,22,1.5178702163201878
scen_09,0.1,bj_00_t22,bj_00,22,1.2736809653815477
scen_10,0.1,bj_00_t22,bj_00,22,1.7120820240841244
scen_01,0.1,bj_00_t23,bj_00,23,1.7861412734393618
scen_02,0.1,bj_00_t23,bj_00,23,1.7797484192445647
scen_03,0.1,bj_00_t23,bj_00,23,1.5532009033271748
scen_04,0.1,bj_00_t23,bj_00,23,1.6309798710575323
scen_05,0.1,bj_00_t23,bj_00,23,1.7132635800633342
scen_06,0.1,bj_00_t23,bj_00,23,1.5807374327711783
scen_07,0.1,bj_00_t23,bj_00,23,1.6060245502237391
scen_08,0.1,bj_00_t23,bj_00,23,1.7786743626103765
scen_09,0.1,bj_00_t23,bj_00,23,1.382165278075725
scen_10,0.1,bj_00_t23,bj_00,23,1.700379417608588
scen_01,0.1,bj_01_t00,bj_01,0,0.7595238572986168
scen_02,0.1,bj_01_t00,bj_01,0,0.5834730399574743
scen_03,0.1,bj_01_t00,bj_01,0,0.783788377093658
scen_04,0.1,bj_01_t00,bj_01,0,0.8916957963155208
scen_05,0.1,bj_01_t00,bj_01,0,0.6874162417436109
scen_06,0.1,bj_01_t00,bj_01,0,0.6964773891790461
scen_07,0.1,bj_01_t00,bj_01,0,0.6073266642336631
scen_08,0.1,bj_01_t00,bj_01,0,0.6744515330230193
scen_09,0.1,bj_01_t00,bj_01,0,0.8581514884371311
scen_10,0.1,bj_01_t00,bj_01,0,0.47926436877203127
scen_01,0.1,bj_01_t01,bj_01,1,0.7543087062172955
scen_02,0.1,bj_01_t01,bj_01,1,0.393399576240014
scen_03,0.1,bj_01_t01,bj_01,1,0.3535426921752616
scen_04,0.1,bj_01_t01,bj_01,1,0.46256649473019606
scen_05,0.1,bj_01_t01,bj_01,1,0.8674987999882791
scen_06,0.1,bj_01_t01,bj_01,1,0.3595218803373549
scen_07,0.1,bj_01_t01,bj_01,1,0.44274948864498653
scen_08,0.1,bj_01_t01,bj_01,1,0.6467959704643613
scen_09,0.1,bj_01_t01,bj_01,1,0.8702332552928005
scen_10,0.1,bj_01_t01,bj_01,1,0.8371968466890869
scen_01,0.1,bj_01_t02,bj_01,2,0.6040578007247998
scen_02,0.1,bj_01_t02,bj_01,2,0.9624115758415732
scen_03,0.1,bj_01_t02,bj_01,2,0.7762384826871326
scen_04,0.1,bj_01_t02,bj_01,2,0.7345985183375504
scen_05,0.1,bj_01_t02,bj_01,2,0.7110897993482745
scen_06,0.1,bj_01_t02,bj_01,2,0.40402917521631565
scen_07,0.1,bj_01_t02,bj_01,2,0.5668524724446833
scen_08,0.1,bj_01_t02,bj_01,2,0.7481951854295855
scen_09,0.1,bj_01_t02,bj_01,2,0.5512884311801596
scen_10,0.1,bj_01_t02,bj_01,2,0.4033421509966644
scen_01,0.1,bj_01_t03,bj_01,3,0.4770852796903753
scen_02,0.1,bj_01_t03,bj_01,3,0.8607335858361754
scen_03,0.1,bj_01_t03,bj_01,3,0.3882736219536066
scen_04,0.1,bj_01_t03,bj_01,3,0.9588793266897744
scen_05,0.1,bj_01_t03,bj_01,3,0.390504722352096
scen_06,0.1,bj_01_t03,bj_01,3,0.46425374534529373
scen_07,0.1,bj_01_t03,bj_01,3,0.5655870387760966
scen_08,0.1,bj_01_t03,bj_01,3,0.4965202802294142
scen_09,0.1,bj_01_t03,bj_01,3,0.45332690865338676
scen_10,0.1,bj_01_t03,bj_01,3,0.6040192969281084
scen_01,0.1,bj_01_t04,bj_01,4,0.5645756157158704
scen_02,0.1,bj_01_t04,bj_01,4,0.9154713746168375
scen_03,0.1,bj_01_t04,bj_01,4,0.7213230757875736
scen_04,0.1,bj_01_t04,bj_01,4,0.7676484324912615
scen_05,0.1,bj_01_t04,bj_01,4,0.7974691573974577
scen_06,0.1,bj_01_t04,bj_01,4,0.5331325099897217
scen_07,0.1,bj_01_t04,bj_01,4,0.6999830277030253
scen_08,0.1,bj_01_t04,bj_01,4,1.0140132141471405
scen_09,0.1,bj_01_t04,bj_01,4,0.8255463416325202
scen_10,0.1,bj_01_t04,bj_01,4,0.39045038070055904
scen_01,0.1,bj_01_t05,bj_01,5,0.5771785691185785
scen_02,0.1,bj_01_t05,bj_01,5,0.6332349074641991
scen_03,0.1,bj_01_t05,bj_01,5,0.7173870389395882
scen_04,0.1,bj_01_t05,bj_01,5,0.38421775522885127
scen_05,0.1,bj_01_t05,bj_01,5,0.5335109226698174
scen_06,0.1,bj_01_t05,bj_01,5,0.3628824434321949
scen_07,0.1,bj_01_t05,bj_01,5,0.6900628535572498
scen_08,0.1,bj_01_t05,bj_01,5,0.3663433566470786
scen_09,0.1,bj_01_t05,bj_01,5,0.8150672525315842
scen_10,0.1,bj_01_t05,bj_01,5,0.39318064581780376
scen_01,0.1,bj_01_t06,bj_01,6,0.5202272047131272
scen_02,0.1,bj_01_t06,bj_01,6,0.959698546949044
scen_03,0.1,bj_01_t06,bj_01,6,0.39743279219973715
scen_04,0.1,bj_01_t06,bj_01,6,0.7427683659360185
scen_05,0.1,bj_01_t06,bj_01,6,0.6998292900060281
scen_06,0.1,bj_01_t06,bj_01,6,0.4171828975435151
scen_07,0.1,bj_01_t06,bj_01,6,0.6781081617331784
scen_08,0.1,bj_01_t06,bj_01,6,0.414744420123915
scen_09,0.1,bj_01_t06,bj_01,6,0.830906138669838
scen_10,0.1,bj_01_t06,bj_01,6,0.7507355483967628
scen_01,0.1,bj_01_t07,bj_01,7,0.7131423593800517
scen_02,0.1,bj_01_t07,bj_01,7,0.5104253967806012
scen_03,0.1,bj_01_t07,bj_01,7,0.4889036271818372
scen_04,0.1,bj_01_t07,bj_01,7,0.5265477170140398
scen_05,0.1,bj_01_t07,bj_01,7,0.5119948812205155
scen_06,0.1,bj_01_t07,bj_01,7,0.3598863577732617
scen_07,0.1,bj_01_t07,bj_01,7,0.7863797842758307
scen_08,0.1,bj_01_t07,bj_01,7,0.6913315322899385
scen_09,0.1,bj_01_t07,bj_01,7,0.7453212375118471
scen_10,0.1,bj_01_t07,bj_01,7,0.5041087933245441
scen_01,0.1,bj_01_t08,bj_01,8,0.38169775436543874
scen_02,0.1,bj_01_t08,bj_01,8,0.41657968303690396
scen_03,0.1,bj_01_t08,bj_01,8,0.9762443738009554
scen_04,0.1,bj_01_t08,bj_01,8,0.5156134527028219
scen_05,0.1,bj_01_t08,bj_01,8,0.6224943226630086
scen_06,0.1,bj_01_t08,bj_01,8,0.7075069191381858
scen_07,0.1,bj_01_t08,bj_01,8,0.5626033879083638
scen_08,0.1,bj_01_t08,bj_01,8,0.7009107311722569
scen_09,0.1,bj_01_t08,bj_01,8,0.3426785369307789
scen_10,0.1,bj_01_t08,bj_01,8,0.39830138471904775
scen_01,0.1,bj_01_t09,bj_01,9,0.49879598662154456
scen_02,0.1,bj_01_t09,bj_01,9,0.6471283030313129
scen_03,0.1,bj_01_t09,bj_01,9,0.7778091901726664
scen_04,0.1,bj_01_t09,bj_01,9,0.41199374306526626
scen_05,0.1,bj_01_t09,bj_01,9,0.3534611647543504
scen_06,0.1,bj_01_t09,bj_01,9,1.0661510982626783
scen_07,0.1,bj_01_t09,bj_01,9,1.146969270713756
scen_08,0.1,bj_01_t09,bj_01,9,0.7260789561913419
scen_09,0.1,bj_01_t09,bj_01,9,0.5679863611235443
scen_10,0.1,bj_01_t09,bj_01,9,0.8200640014543575
scen_01,0.1,bj_01_t10,bj_01,10,0.9829422065960363
scen_02,0.1,bj_01_t10,bj_01,10,0.4649219553983732
scen_03,0.1,bj_01_t10,bj_01,10,0.5740746606350335
scen_04,0.1,bj_01_t10,bj_01,10,0.8947895928435292
scen_05,0.1,bj_01_t10,bj_01,10,0.9213448281237172
scen_06,0.1,bj_01_t10,bj_01,10,0.5253019215977874
scen_07,0.1,bj_01_t10,bj_01,10,1.133467008769432
scen_08,0.1,bj_01_t10,bj_01,10,0.40785566747142676
scen_09,0.1,bj_01_t10,bj_01,10,0.8513582405895714
scen_10,0.1,bj_01_t10,bj_01,10,0.7831761368857133
scen_01,0.1,bj_01_t11,bj_01,11,0.8280488479048654
scen_02,0.1,bj_01_t11,bj_01,11,0.9990071309626719
scen_03,0.1,bj_01_t11,bj_01,11,0.6741980243691836
scen_04,0.1,bj_01_t11,bj_01,11,0.9167255008180065
scen_05,0.1,bj_01_t11,bj_01,11,0.9732351993944619
scen_06,0.1,bj_01_t11,bj_01,11,1.03069702675284
scen_07,0.1,bj_01_t11,bj_01,11,0.5537409286661882
scen_08,0.1,bj_01_t11,bj_01,11,1.1772645240169037
scen_09,0.1,bj_01_t11,bj_01,11,0.7686766695011977
scen_10,0.1,bj_01_t11,bj_01,11,1.1437889247456878
scen_01,0.1,bj_01_t12,bj_01,12,0.8433758769187062
scen_02,0.1,bj_01_t12,bj_01,12,0.655979659338178
scen_03,0.1,bj_01_t12,bj_01,12,0.5448984902763578
scen_04,0.1,bj_01_t12,bj_01,12,0.7237205510586067
scen_05,0.1,bj_01_t12,bj_01,12,1.2220859679752718
scen_06,0.1,bj_01_t12,bj_01,12,1.2282511482722405
scen_07,0.1,bj_01_t12,bj_01,12,1.0556099719009693
scen_08,0.1,bj_01_t12,bj_01,12,0.9030201691026214
scen_09,0.1,bj_01_t12,bj_01,12,0.5993571070702994
scen_10,0.1,bj_01_t12,bj_01,12,0.5170556070404246
scen_01,0.1,bj_01_t13,bj_01,13,0.6755549828754818
scen_02,0.1,bj_01_t13,bj_01,13,0.9346549385100057
scen_03,0.1,bj_01_t13,bj_01,13,0.551814930795697
scen_04,0.1,bj_01_t13,bj_01,13,0.6038379036739723
scen_05,0.1,bj_01_t13,bj_01,13,0.5650708099975695
scen_06,0.1,bj_01_t13,bj_01,13,0.8077343182264547
scen_07,0.1,bj_01_t13,bj_01,13,1.074160428386077
scen_08,0.1,bj_01_t13,bj_01,13,0.7992483934635894
scen_09,0.1,bj_01_t13,bj_01,13,0.5896694989335728
scen_10,0.1,bj_01_t13,bj_01,13,0.6926495591985277
scen_01,0.1,bj_01_t14,bj_01,14,1.0469782099845848
scen_02,0.1,bj_01_t14,bj_01,14,1.373078436665852
scen_03,0.1,bj_01_t14,bj_01,14,0.6522005552776937
scen_04,0.1,bj_01_t14,bj_01,14,1.3411263941989802
scen_05,0.1,bj_01_t14,bj_01,14,1.45237502631249
scen_06,0.1,bj_01_t14,bj_01,14,1.2698180508561576
scen_07,0.1,bj_01_t14,bj_01,14,0.7729900016857547
scen_08,0.1,bj_01_t14,bj_01,14,0.9053636164291807
scen_09,0.1,bj_01_t14,bj_01,14,1.4740492091258552
scen_10,0.1,bj_01_t14,bj_01,14,0.699273628542141
scen_01,0.1,bj_01_t15,bj_01,15,0.6129590505835023
scen_02,0.1,bj_01_t15,bj_01,15,0.7577911548691012
scen_03,0.1,bj_01_t15,bj_01,15,1.2747262759951339
scen_04,0.1,bj_01_t15,bj_01,15,0.9587248173546875
scen_05,0.1,bj_01_t15,bj_01,15,0.7171121175583387
scen_06,0.1,bj_01_t15,bj_01,15,1.4082260374858186
scen_07,0.1,bj_01_t15,bj_01,15,0.6257561599982434
scen_08,0.1,bj_01_t15,bj_01,15,0.7114921844337943
scen_09,0.1,bj_01_t15,bj_01,15,0.806992341441253
scen_10,0.1,bj_01_t15,bj_01,15,0.7636864631764104
scen_01,0.1,bj_01_t16,bj_01,16,1.0186102315434733
scen_02,0.1,bj_01_t16,bj_01,16,0.8817791664297725
scen_03,0.1,bj_01_t16,bj_01,16,1.0142876246179338
scen_04,0.1,bj_01_t16,bj_01,16,0.81781223615539
scen_05,0.1,bj_01_t16,bj_01,16,1.2920475451974778
scen_06,0.1,bj_01_t16,bj_01,16,0.6525536491599265
scen_07,0.1,bj_01_t16,bj_01,16,0.6518780247241177
scen_08,0.1,bj_01_t16,bj_01,16,0.7248927102440756
scen_09,0.1,bj_01_t16,bj_01,16,0.8716009369984162
scen_10,0.1,bj_01_t16,bj_01,16,0.7470709078430363
scen_01,0.1,bj_01_t17,bj_01,17,0.9243222847477044
scen_02,0.1,bj_01_t17,bj_01,17,0.9081088164848844
scen_03,0.1,bj_01_t17,bj_01,17,0.7819042588046348
scen_04,0.1,bj_01_t17,bj_01,17,0.8633873080462124
scen_05,0.1,bj_01_t17,bj_01,17,0.9141366507862131
scen_06,0.1,bj_01_t17,bj_01,17,0.7449090569941951
scen_07,0.1,bj_01_t17,bj_01,17,0.8658375727403831
scen_08,0.1,bj_01_t17,bj_01,17,0.7957459371778592
scen_09,0.1,bj_01_t17,bj_01,17,0.7152670920494365
scen_10,0.1,bj_01_t17,bj_01,17,0.9161135192551153
scen_01,0.1,bj_01_t18,bj_01,18,0.6481718459462826
scen_02,0.1,bj_01_t18,bj_01,18,0.7069315587065554
scen_03,0.1,bj_01_t18,bj_01,18,0.7742431296137839
scen_04,0.1,bj_01_t18,bj_01,18,0.6136637276401877
scen_05,0.1,bj_01_t18,bj_01,18,0.6168624645040347
scen_06,0.1,bj_01_t18,bj_01,18,0.6806391297891338
scen_07,0.1,bj_01_t18,bj_01,18,0.6759352721150924
scen_08,0.1,bj_01_t18,bj_01,18,0.9729510353684891
scen_09,0.1,bj_01_t18,bj_01,18,0.5735474545848467
scen_10,0.1,bj_01_t18,bj_01,18,0.916364927837231
scen_01,0.1,bj_01_t19,bj_01,19,0.614757460931418
scen_02,0.1,bj_01_t19,bj_01,19,0.7867469464257499
scen_03,0.1,bj_01_t19,bj_01,19,0.8301750981550341
scen_04,0.1,bj_01_t19,bj_01,19,0.6722936672194089
scen_05,0.1,bj_01_t19,bj_01,19,0.7892130330411815
scen_06,0.1,bj_01_t19,bj_01,19,0.7617380787795258
scen_07,0.1,bj_01_t19,bj_01,19,0.8596182170016027
scen_08,0.1,bj_01_t19,bj_01,19,0.8151249446470923
scen_09,0.1,bj_01_t19,bj_01,19,0.5539586972945723
scen_10,0.1,bj_01_t19,bj_01,19,0.7211744294810376
scen_01,0.1,bj_01_t20,bj_01,20,0.9720781815044479
scen_02,0.1,bj_01_t20,bj_01,20,0.5038093709675084
scen_03,0.1,bj_01_t20,bj_01,20,0.5650393884542512
scen_04,0.1,bj_01_t20,bj_01,20,1.095300111195169
scen_05,0.1,bj_01_t20,bj_01,20,0.7002471603772414
scen_06,0.1,bj_01_t20,bj_01,20,0.493367617952447
scen_07,0.1,bj_01_t20,bj_01,20,0.7147771283106329
scen_08,0.1,bj_01_t20,bj_01,20,0.9781540661558812
scen_09,0.1,bj_01_t20,bj_01,20,0.9168149222356944
scen_10,0.1,bj_01_t20,bj_01,20,0.7436958838014641
scen_01,0.1,bj_01_t21,bj_01,21,0.6068624533709126
scen_02,0.1,bj_01_t21,bj_01,21,0.8193320378956493
scen_03,0.1,bj_01_t21,bj_01,21,0.9999933228490842
scen_04,0.1,bj_01_t21,bj_01,21,0.6048317973589763
scen_05,0.1,bj_01_t21,bj_01,21,0.500942142102274
scen_06,0.1,bj_01_t21,bj_01,21,0.6257995198920709
scen_07,0.1,bj_01_t21,bj_01,21,0.6687942284767091
scen_08,0.1,bj_01_t21,bj_01,21,0.8225540655521997
scen_09,0.1,bj_01_t21,bj_01,21,0.855957113220622
scen_10,0.1,bj_01_t21,bj_01,21,0.5089911658325248
scen_01,0.1,bj_01_t22,bj_01,22,0.6814131209507028
scen_02,0.1,bj_01_t22,bj_01,22,0.7579157167997629
scen_03,0.1,bj_01_t22,bj_01,22,1.067828592910016
scen_04,0.1,bj_01_t22,bj_01,22,0.46005302537581605
scen_05,0.1,bj_01_t22,bj_01,22,0.9772405000906365
scen_06,0.1,bj_01_t22,bj_01,22,0.5987642812905171
scen_07,0.1,bj_01_t22,bj_01,22,0.9040499950503476
scen_08,0.1,bj_01_t22,bj_01,22,0.5267012843638035
scen_09,0.1,bj_01_t22,bj_01,22,0.6269994888370364
scen_10,0.1,bj_01_t22,bj_01,22,0.7575427667456978
scen_01,0.1,bj_01_t23,bj_01,23,0.5428150933366652
scen_02,0.1,bj_01_t23,bj_01,23,0.9769906530308597
scen_03,0.1,bj_01_t23,bj_01,23,0.7222158539192165
scen_04,0.1,bj_01_t23,bj_01,23,0.3908449739034646
scen_05,0.1,bj_01_t23,bj_01,23,1.1618131206740279
scen_06,0.1,bj_01_t23,bj_01,23,0.5325980324190273
scen_07,0.1,bj_01_t23,bj_01,23,0.6594997030028602
scen_08,0.1,bj_01_t23,bj_01,23,0.8788591880264611
scen_09,0.1,bj_01_t23,bj_01,23,0.7085998671004755
scen_10,0.1,bj_01_t23,bj_01,23,0.683919499696318
scen_01,0.1,bj_02_t00,bj_02,0,1.7343154985679254
scen_02,0.1,bj_02_t00,bj_02,0,1.677695097714907
scen_03,0.1,bj_02_t00,bj_02,0,0.7097481665708272
scen_04,0.1,bj_02_t00,bj_02,0,1.0866677858105833
scen_05,0.1,bj_02_t00,bj_02,0,1.0177914915278534
scen_06,0.1,bj_02_t00,bj_02,0,1.3919313135720537
scen_07,0.1,bj_02_t00,bj_02,0,0.9643836608651469
scen_08,0.1,bj_02_t00,bj_02,0,0.8100431685276802
scen_09,0.1,bj_02_t00,bj_02,0,1.3512781327009393
scen_10,0.1,bj_02_t00,bj_02,0,1.0556764197726554
scen_01,0.1,bj_02_t01,bj_02,1,1.2910028135386837
scen_02,0.1,bj_02_t01,bj_02,1,1.6260016785834879
scen_03,0.1,bj_02_t01,bj_02,1,1.7905019449301203
scen_04,0.1,bj_02_t01,bj_02,1,0.856606865272914
scen_05,0.1,bj_02_t01,bj_02,1,0.9518477148292936
scen_06,0.1,bj_02_t01,bj_02,1,0.9271819554916022
scen_07,0.1,bj_02_t01,bj_02,1,1.5520777840161633
scen_08,0.1,bj_02_t01,bj_02,1,1.2099342262370354
scen_09,0.1,bj_02_t01,bj_02,1,0.823816712255125
scen_10,0.1,bj_02_t01,bj_02,1,1.6544336476099102
scen_01,0.1,bj_02_t02,bj_02,2,0.9546252056306491
scen_02,0.1,bj_02_t02,bj_02,2,0.8851905278042738
scen_03,0.1,bj_02_t02,bj_02,2,1.51376225619846
scen_04,0.1,bj_02_t02,bj_02,2,0.9757087407106568
scen_05,0.1,bj_02_t02,bj_02,2,0.7834207938590145
scen_06,0.1,bj_02_t02,bj_02,2,0.7669396224734198
scen_07,0.1,bj_02_t02,bj_02,2,1.0112276725209857
scen_08,0.1,bj_02_t02,bj_02,2,0.7535500115080965
scen_09,0.1,bj_02_t02,bj_02,2,0.7813942431410307
scen_10,0.1,bj_02_t02,bj_02,2,1.7294558835133464
scen_01,0.1,bj_02_t03,bj_02,3,1.115898759253847
scen_02,0.1,bj_02_t03,bj_02,3,0.930900168797296
scen_03,0.1,bj_02_t03,bj_02,3,1.0473971517834384
scen_04,0.1,bj_02_t03,bj_02,3,1.2606926384896464
scen_05,0.1,bj_02_t03,bj_02,3,0.6626855620142663
scen_06,0.1,bj_02_t03,bj_02,3,0.9230682845154687
scen_07,0.1,bj_02_t03,bj_02,3,1.4979648635558334
scen_08,0.1,bj_02_t03,bj_02,3,0.9099425982565711
scen_09,0.1,bj_02_t03,bj_02,3,1.1266541147259346
scen_10,0.1,bj_02_t03,bj_02,3,0.9627142045512453
scen_01,0.1,bj_02_t04,bj_02,4,0.8719479812174997
scen_02,0.1,bj_02_t04,bj_02,4,0.9351968077747397
scen_03,0.1,bj_02_t04,bj_02,4,1.0635992636311444
scen_04,0.1,bj_02_t04,bj_02,4,0.842503985455449
scen_05,0.1,bj_02_t04,bj_02,4,1.5655607919435932
scen_06,0.1,bj_02_t04,bj_02,4,1.6453804257963518
scen_07,0.1,bj_02_t04,bj_02,4,0.9872154483592877
scen_08,0.1,bj_02_t04,bj_02,4,0.9519706610439514
scen_09,0.1,bj_02_t04,bj_02,4,1.1316485453582406
scen_10,0.1,bj_02_t04,bj_02,4,0.8954481394720206
scen_01,0.1,bj_02_t05,bj_02,5,1.041217428206703
scen_02,0.1,bj_02_t05,bj_02,5,0.9478800337572716
scen_03,0.1,bj_02_t05,bj_02,5,0.9921489741148549
scen_04,0.1,bj_02_t05,bj_02,5,0.8565826664927444
scen_05,0.1,bj_02_t05,bj_02,5,1.241261005163653
scen_06,0.1,bj_02_t05,bj_02,5,1.4379599619270138
scen_07,0.1,bj_02_t05,bj_02,5,1.5303634018441792
scen_08,0.1,bj_02_t05,bj_02,5,0.9157643869333013
scen_09,0.1,bj_02_t05,bj_02,5,1.3298990935376112
scen_10,0.1,bj_02_t05,bj_02,5,0.880043638972968
scen_01,0.1,bj_02_t06,bj_02,6,0.7684180895093781
scen_02,0.1,bj_02_t06,bj_02,6,0.5618580362932054
scen_03,0.1,bj_02_t06,bj_02,6,1.3961957237375549
scen_04,0.1,bj_02_t06,bj_02,6,0.8796202618660942
scen_05,0.1,bj_02_t06,bj_02,6,1.2432064363655155
scen_06,0.1,bj_02_t06,bj_02,6,1.2839414282103314
scen_07,0.1,bj_02_t06,bj_02,6,0.7794323451040615
scen_08,0.1,bj_02_t06,bj_02,6,1.4708878035164812
scen_09,0.1,bj_02_t06,bj_02,6,0.8529372728122177
scen_10,0.1,bj_02_t06,bj_02,6,1.1153714597359488
scen_01,0.1,bj_02_t07,bj_02,7,1.2692538894030736
scen_02,0.1,bj_02_t07,bj_02,7,1.2267724927361725
scen_03,0.1,bj_02_t07,bj_02,7,1.0514350542894102
scen_04,0.1,bj_02_t07,bj_02,7,1.2246224070132699
scen_05,0.1,bj_02_t07,bj_02,7,0.9840536514808405
scen_06,0.1,bj_02_t07,bj_02,7,1.021723871780998
scen_07,0.1,bj_02_t07,bj_02,7,0.8350335805607322
scen_08,0.1,bj_02_t07,bj_02,7,0.968231809835167
scen_09,0.1,bj_02_t07,bj_02,7,1.4048790642599749
scen_10,0.1,bj_02_t07,bj_02,7,1.144791274131877
scen_01,0.1,bj_02_t08,bj_02,8,0.6639069263458256
scen_02,0.1,bj_02_t08,bj_02,8,1.2131517676750634
scen_03,0.1,bj_02_t08,bj_02,8,1.1494807730059837
scen_04,0.1,bj_02_t08,bj_02,8,1.2177157495919206
scen_05,0.1,bj_02_t08,bj_02,8,1.0624098830772397
scen_06,0.1,bj_02_t08,bj_02,8,0.7951092766483149
scen_07,0.1,bj_02_t08,bj_02,8,0.9127431858560127
scen_08,0.1,bj_02_t08,bj_02,8,1.1432224689810426
scen_09,0.1,bj_02_t08,bj_02,8,1.2597097213995867
scen_10,0.1,bj_02_t08,bj_02,8,0.825500619759777
scen_01,0.1,bj_02_t09,bj_02,9,1.543262411286331
scen_02,0.1,bj_02_t09,bj_02,9,0.7355997447936866
scen_03,0.1,bj_02_t09,bj_02,9,1.303105276241567
scen_04,0.1,bj_02_t09,bj_02,9,0.9047191456851368
scen_05,0.1,bj_02_t09,bj_02,9,1.2282295357828703
scen_06,0.1,bj_02_t09,bj_02,9,1.0375579689882841
scen_07,0.1,bj_02_t09,bj_02,9,1.4346344888170837
scen_08,0.1,bj_02_t09,bj_02,9,0.7501918971644713
scen_09,0.1,bj_02_t09,bj_02,9,1.1749127259706134
scen_10,0.1,bj_02_t09,bj_02,9,0.8815374132118665
scen_01,0.1,bj_02_t10,bj_02,10,1.008221927440121
scen_02,0.1,bj_02_t10,bj_02,10,0.738254361541494
scen_03,0.1,bj_02_t10,bj_02,10,0.8964253195777708
scen_04,0.1,bj_02_t10,bj_02,10,1.4936789792483531
scen_05,0.1,bj_02_t10,bj_02,10,1.197365406991366
scen_06,0.1,bj_02_t10,bj_02,10,1.4427453079655572
scen_07,0.1,bj_02_t10,bj_02,10,1.0711268906910811
scen_08,0.1,bj_02_t10,bj_02,10,0.7167714491797226
scen_09,0.1,bj_02_t10,bj_02,10,1.016072959912249
scen_10,0.1,bj_02_t10,bj_02,10,1.2640836139239644
scen_01,0.1,bj_02_t11,bj_02,11,1.0009236664076284
scen_02,0.1,bj_02_t11,bj_02,11,1.2575104773636145
scen_03,0.1,bj_02_t11,bj_02,11,0.8994466897575149
scen_04,0.1,bj_02_t11,bj_02,11,1.285274428765338
scen_05,0.1,bj_02_t11,bj_02,11,1.105690927234264
scen_06,0.1,bj_02_t11,bj_02,11,1.2481237917010517
scen_07,0.1,bj_02_t11,bj_02,11,1.2357414450563826
scen_08,0.1,bj_02_t11,bj_02,11,1.20730269135652
scen_09,0.1,bj_02_t11,bj_02,11,1.2606574893874944
scen_10,0.1,bj_02_t11,bj_02,11,1.473125582450804
scen_01,0.1,bj_02_t12,bj_02,12,1.0101207888251884
scen_02,0.1,bj_02_t12,bj_02,12,1.172630325503386
scen_03,0.1,bj_02_t12,bj_02,12,0.8675696194355984
scen_04,0.1,bj_02_t12,bj_02,12,1.0332120361458341
scen_05,0.1,bj_02_t12,bj_02,12,0.9886171281962105
scen_06,0.1,bj_02_t12,bj_02,12,1.0658102996666874
scen_07,0.1,bj_02_t12,bj_02,12,0.7678547745493309
scen_08,0.1,bj_02_t12,bj_02,12,1.292736121532379
scen_09,0.1,bj_02_t12,bj_02,12,1.0727511340817255
scen_10,0.1,bj_02_t12,bj_02,12,0.9285781478892298
scen_01,0.1,bj_02_t13,bj_02,13,1.3739467383044528
scen_02,0.1,bj_02_t13,bj_02,13,1.4666497401769722
scen_03,0.1,bj_02_t13,bj_02,13,0.6951386403824671
scen_04,0.1,bj_02_t13,bj_02,13,1.2018500522238877
scen_05,0.1,bj_02_t13,bj_02,13,1.044092778479453
scen_06,0.1,bj_02_t13,bj_02,13,1.135893962863291
scen_07,0.1,bj_02_t13,bj_02,13,0.9752074472634095
scen_08,0.1,bj_02_t13,bj_02,13,1.6014850681269088
scen_09,0.1,bj_02_t13,bj_02,13,1.55999843941956
scen_10,0.1,bj_02_t13,bj_02,13,0.8169417783027754
scen_01,0.1,bj_02_t14,bj_02,14,1.0213478477350892
scen_02,0.1,bj_02_t14,bj_02,14,0.8350395427275787
scen_03,0.1,bj_02_t14,bj_02,14,1.013872201919391
scen_04,0.1,bj_02_t14,bj_02,14,0.6780527222507764
scen_05,0.1,bj_02_t14,bj_02,14,1.4546177501871096
scen_06,0.1,bj_02_t14,bj_02,14,0.8273798328870217
scen_07,0.1,bj_02_t14,bj_02,14,0.6781880860435094
scen_08,0.1,bj_02_t14,bj_02,14,0.7598557749230506
scen_09,0.1,bj_02_t14,bj_02,14,1.0762621441240352
scen_10,0.1,bj_02_t14,bj_02,14,0.8931863772405045
scen_01,0.1,bj_02_t15,bj_02,15,0.880428417606691
scen_02,0.1,bj_02_t15,bj_02,15,1.005748547041926
scen_03,0.1,bj_02_t15,bj_02,15,0.8561594547058837
scen_04,0.1,bj_02_t15,bj_02,15,1.200282857384945
scen_05,0.1,bj_02_t15,bj_02,15,1.0498663535387824
scen_06,0.1,bj_02_t15,bj_02,15,0.8519828605748034
scen_07,0.1,bj_02_t15,bj_02,15,0.8384638208875355
scen_08,0.1,bj_02_t15,bj_02,15,0.696165306485857
scen_09,0.1,bj_02_t15,bj_02,15,1.1226683963742308
scen_10,0.1,bj_02_t15,bj_02,15,1.2082078990937162
scen_01,0.1,bj_02_t16,bj_02,16,0.8521538327467968
scen_02,0.1,bj_02_t16,bj_02,16,1.0249705890774075
scen_03,0.1,bj_02_t16,bj_02,16,0.9622923091604898
scen_04,0.1,bj_02_t16,bj_02,16,0.711077854688743
scen_05,0.1,bj_02_t16,bj_02,16,1.0632564515684981
scen_06,0.1,bj_02_t16,bj_02,16,1.1197264110199512
scen_07,0.1,bj_02_t16,bj_02,16,1.2318999324123272
scen_08,0.1,bj_02_t16,bj_02,16,0.794286672201918
scen_09,0.1,bj_02_t16,bj_02,16,1.1295786953553335
scen_10,0.1,bj_02_t16,bj_02,16,0.7821847929932169
scen_01,0.1,bj_02_t17,bj_02,17,1.1576510468236338
scen_02,0.1,bj_02_t17,bj_02,17,0.6704784283354772
scen_03,0.1,bj_02_t17,bj_02,17,0.941382135521744
scen_04,0.1,bj_02_t17,bj_02,17,0.971058757741542
scen_05,0.1,bj_02_t17,bj_02,17,0.7122920309183265
scen_06,0.1,bj_02_t17,bj_02,17,0.6002263659979897
scen_07,0.1,bj_02_t17,bj_02,17,0.8091573300224055
scen_08,0.1,bj_02_t17,bj_02,17,0.6121324609876913
scen_09,0.1,bj_02_t17,bj_02,17,0.7997028301798581
scen_10,0.1,bj_02_t17,bj_02,17,0.9497266150303358
scen_01,0.1,bj_02_t18,bj_02,18,1.0700433210306124
scen_02,0.1,bj_02_t18,bj_02,18,0.5887028146778208
scen_03,0.1,bj_02_t18,bj_02,18,1.0816415836406725
scen_04,0.1,bj_02_t18,bj_02,18,1.0122200265602972
scen_05,0.1,bj_02_t18,bj_02,18,1.3330458560866858
scen_06,0.1,bj_02_t18,bj_02,18,0.9491529511179966
scen_07,0.1,bj_02_t18,bj_02,18,1.067742042125235
scen_08,0.1,bj_02_t18,bj_02,18,0.8056492541405846
scen_09,0.1,bj_02_t18,bj_02,18,0.9633272353161684
scen_10,0.1,bj_02_t18,bj_02,18,0.7983686966626669
scen_01,0.1,bj_02_t19,bj_02,19,1.2763239887545426
scen_02,0.1,bj_02_t19,bj_02,19,1.2705483593793852
scen_03,0.1,bj_02_t19,bj_02,19,0.7027157646538107
scen_04,0.1,bj_02_t19,bj_02,19,1.0133405760493273
scen_05,0.1,bj_02_t19,bj_02,19,1.4758272168525792
scen_06,0.1,bj_02_t19,bj_02,19,1.0020644908691558
scen_07,0.1,bj_02_t19,bj_02,19,0.8344667886232119
scen_08,0.1,bj_02_t19,bj_02,19,1.046262520010872
scen_09,0.1,bj_02_t19,bj_02,19,1.1815731571300034
scen_10,0.1,bj_02_t19,bj_02,19,1.2882227319699884
scen_01,0.1,bj_02_t20,bj_02,20,0.80564555817716
scen_02,0.1,bj_02_t20,bj_02,20,0.8127415022176212
scen_03,0.1,bj_02_t20,bj_02,20,1.2492185958705473
scen_04,0.1,bj_02_t20,bj_02,20,0.8831263366210957
scen_05,0.1,bj_02_t20,bj_02,20,1.6378337610490126
scen_06,0.1,bj_02_t20,bj_02,20,0.6788841794732721
scen_07,0.1,bj_02_t20,bj_02,20,0.827431076820607
scen_08,0.1,bj_02_t20,bj_02,20,0.8172030387295435
scen_09,0.1,bj_02_t20,bj_02,20,1.715734530015947
scen_10,0.1,bj_02_t20,bj_02,20,0.9546874193424273
scen_01,0.1,bj_02_t21,bj_02,21,0.552329597254261
scen_02,0.1,bj_02_t21,bj_02,21,0.7987730337180294
scen_03,0.1,bj_02_t21,bj_02,21,0.5621423859730376
scen_04,0.1,bj_02_t21,bj_02,21,1.7546154254484299
scen_05,0.1,bj_02_t21,bj_02,21,1.2510972416761061
scen_06,0.1,bj_02_t21,bj_02,21,0.8644374906656951
scen_07,0.1,bj_02_t21,bj_02,21,1.6527641602434566
scen_08,0.1,bj_02_t21,bj_02,21,0.9008426126712885
scen_09,0.1,bj_02_t21,bj_02,21,0.64589592619605
scen_10,0.1,bj_02_t21,bj_02,21,0.7921807006275763
scen_01,0.1,bj_02_t22,bj_02,22,0.7063660511062361
scen_02,0.1,bj_02_t22,bj_02,22,0.7169621423738671
scen_03,0.1,bj_02_t22,bj_02,22,1.2390052306925823
scen_04,0.1,bj_02_t22,bj_02,22,0.7819170256310883
scen_05,0.1,bj_02_t22,bj_02,22,0.8689894564853143
scen_06,0.1,bj_02_t22,bj_02,22,0.8124146403498548
scen_07,0.1,bj_02_t22,bj_02,22,1.007632964287494
scen_08,0.1,bj_02_t22,bj_02,22,1.1151255966008344
scen_09,0.1,bj_02_t22,bj_02,22,0.9107724145562864
scen_10,0.1,bj_02_t22,bj_02,22,1.5089724080485658
scen_01,0.1,bj_02_t23,bj_02,23,1.3349020453219196
scen_02,0.1,bj_02_t23,bj_02,23,1.3782504792649442
scen_03,0.1,bj_02_t23,bj_02,23,0.72693503134583
scen_04,0.1,bj_02_t23,bj_02,23,1.0884000968710092
scen_05,0.1,bj_02_t23,bj_02,23,1.017308085570389
scen_06,0.1,bj_02_t23,bj_02,23,0.5287706574425016
scen_07,0.1,bj_02_t23,bj_02,23,1.3833116912059467
scen_08,0.1,bj_02_t23,bj_02,23,0.8688788636842261
scen_09,0.1,bj_02_t23,bj_02,23,0.8367657181039424
scen_10,0.1,bj_02_t23,bj_02,23,0.9014624056333823
scen_01,0.1,bj_03_t00,bj_03,0,3.521044395147438
scen_02,0.1,bj_03_t00,bj_03,0,1.8385437061307148
scen_03,0.1,bj_03_t00,bj_03,0,2.277649094293374
scen_04,0.1,bj_03_t00,bj_03,0,3.9048857815858526
scen_05,0.1,bj_03_t00,bj_03,0,2.901343490903159
scen_06,0.1,bj_03_t00,bj_03,0,0.8379488446983467
scen_07,0.1,bj_03_t00,bj_03,0,3.707724382125445
scen_08,0.1,bj_03_t00,bj_03,0,3.234632566701763
scen_09,0.1,bj_03_t00,bj_03,0,3.782699951003607
scen_10,0.1,bj_03_t00,bj_03,0,1.6220332234094554
scen_01,0.1,bj_03_t01,bj_03,1,2.490869812692072
scen_02,0.1,bj_03_t01,bj_03,1,1.963480959292534
scen_03,0.1,bj_03_t01,bj_03,1,3.009279993907655
scen_04,0.1,bj_03_t01,bj_03,1,1.3073065635294059
scen_05,0.1,bj_03_t01,bj_03,1,1.1374890415186298
scen_06,0.1,bj_03_t01,bj_03,1,3.149456392803124
scen_07,0.1,bj_03_t01,bj_03,1,1.2159644803463174
scen_08,0.1,bj_03_t01,bj_03,1,2.295599429800983
scen_09,0.1,bj_03_t01,bj_03,1,1.501035907460587
scen_10,0.1,bj_03_t01,bj_03,1,1.404452345921833
scen_01,0.1,bj_03_t02,bj_03,2,0.8412698369045257
scen_02,0.1,bj_03_t02,bj_03,2,1.2118872001098362
scen_03,0.1,bj_03_t02,bj_03,2,0.8329562614827415
scen_04,0.1,bj_03_t02,bj_03,2,1.078240123952198
scen_05,0.1,bj_03_t02,bj_03,2,2.5555046778477517
scen_06,0.1,bj_03_t02,bj_03,2,2.6254233128857076
scen_07,0.1,bj_03_t02,bj_03,2,2.09047203978101
scen_08,0.1,bj_03_t02,bj_03,2,2.016885312426726
scen_09,0.1,bj_03_t02,bj_03,2,0.8150467242124417
scen_10,0.1,bj_03_t02,bj_03,2,1.5001925350653313
scen_01,0.1,bj_03_t03,bj_03,3,2.3766967752526664
scen_02,0.1,bj_03_t03,bj_03,3,1.7922070506438472
scen_03,0.1,bj_03_t03,bj_03,3,2.2576262165693612
scen_04,0.1,bj_03_t03,bj_03,3,1.8216687626080557
scen_05,0.1,bj_03_t03,bj_03,3,2.0986677352107486
scen_06,0.1,bj_03_t03,bj_03,3,2.702598082006257
scen_07,0.1,bj_03_t03,bj_03,3,0.834272484898992
scen_08,0.1,bj_03_t03,bj_03,3,1.6933739144444817
scen_09,0.1,bj_03_t03,bj_03,3,1.9131133078537008
scen_10,0.1,bj_03_t03,bj_03,3,2.4225473993245106
scen_01,0.1,bj_03_t04,bj_03,4,1.3085733754236735
scen_02,0.1,bj_03_t04,bj_03,4,2.187119099104115
scen_03,0.1,bj_03_t04,bj_03,4,1.2850120437505739
scen_04,0.1,bj_03_t04,bj_03,4,1.349972801614674
scen_05,0.1,bj_03_t04,bj_03,4,1.8736018477575982
scen_06,0.1,bj_03_t04,bj_03,4,1.461589977713377
scen_07,0.1,bj_03_t04,bj_03,4,3.1211080710643726
scen_08,0.1,bj_03_t04,bj_03,4,0.993216849831212
scen_09,0.1,bj_03_t04,bj_03,4,2.9142084757006756
scen_10,0.1,bj_03_t04,bj_03,4,2.112962238522415
scen_01,0.1,bj_03_t05,bj_03,5,0.9083574326537098
scen_02,0.1,bj_03_t05,bj_03,5,2.2160827413086874
scen_03,0.1,bj_03_t05,bj_03,5,2.1568912656228947
scen_04,0.1,bj_03_t05,bj_03,5,1.6664931021869078
scen_05,0.1,bj_03_t05,bj_03,5,0.9263481986827413
scen_06,0.1,bj_03_t05,bj_03,5,1.0559200020780293
scen_07,0.1,bj_03_t05,bj_03,5,3.902046099967335
scen_08,0.1,bj_03_t05,bj_03,5,0.8778669380866218
scen_09,0.1,bj_03_t05,bj_03,5,1.9962763920655568
scen_10,0.1,bj_03_t05,bj_03,5,1.6936113653462526
scen_01,0.1,bj_03_t06,bj_03,6,1.2524050964751376
scen_02,0.1,bj_03_t06,bj_03,6,4.16821544550329
scen_03,0.1,bj_03_t06,bj_03,6,4.480238609971307
scen_04,0.1,bj_03_t06,bj_03,6,4.389298428732538
scen_05,0.1,bj_03_t06,bj_03,6,3.0534998350550935
scen_06,0.1,bj_03_t06,bj_03,6,1.0913214806159068
scen_07,0.1,bj_03_t06,bj_03,6,1.4212777352322332
scen_08,0.1,bj_03_t06,bj_03,6,4.1726806358199475
scen_09,0.1,bj_03_t06,bj_03,6,2.88455050835906
scen_10,0.1,bj_03_t06,bj_03,6,5.401767893793664
scen_01,0.1,bj_03_t07,bj_03,7,2.6137743332518504
scen_02,0.1,bj_03_t07,bj_03,7,1.0395579683059024
scen_03,0.1,bj_03_t07,bj_03,7,3.8098514984927054
scen_04,0.1,bj_03_t07,bj_03,7,1.2616022247576986
scen_05,0.1,bj_03_t07,bj_03,7,2.3514989636637385
scen_06,0.1,bj_03_t07,bj_03,7,0.6994488875949383
scen_07,0.1,bj_03_t07,bj_03,7,2.2877068171175576
scen_08,0.1,bj_03_t07,bj_03,7,2.785427305728332
scen_09,0.1,bj_03_t07,bj_03,7,1.0681842304518545
scen_10,0.1,bj_03_t07,bj_03,7,1.6349755009333418
scen_01,0.1,bj_03_t08,bj_03,8,1.273937781350646
scen_02,0.1,bj_03_t08,bj_03,8,3.2360766247714587
scen_03,0.1,bj_03_t08,bj_03,8,3.34310657341207
scen_04,0.1,bj_03_t08,bj_03,8,2.6403760439796087
scen_05,0.1,bj_03_t08,bj_03,8,1.3352150246912418
scen_06,0.1,bj_03_t08,bj_03,8,1.013325278416099
scen_07,0.1,bj_03_t08,bj_03,8,3.098777774523302
scen_08,0.1,bj_03_t08,bj_03,8,1.2729502655858158
scen_09,0.1,bj_03_t08,bj_03,8,2.8663744804689992
scen_10,0.1,bj_03_t08,bj_03,8,2.56088658098473
scen_01,0.1,bj_03_t09,bj_03,9,1.5939439921691152
scen_02,0.1,bj_03_t09,bj_03,9,3.897421668102904
scen_03,0.1,bj_03_t09,bj_03,9,2.3678521901477634
scen_04,0.1,bj_03_t09,bj_03,9,2.0416438740081877
scen_05,0.1,bj_03_t09,bj_03,9,5.051886377278415
scen_06,0.1,bj_03_t09,bj_03,9,1.1449949861009134
scen_07,0.1,bj_03_t09,bj_03,9,1.9050579991195482
scen_08,0.1,bj_03_t09,bj_03,9,2.2118187299641727
scen_09,0.1,bj_03_t09,bj_03,9,4.499776839128922
scen_10,0.1,bj_03_t09,bj_03,9,5.176523073393463
scen_01,0.1,bj_03_t10,bj_03,10,2.323400111367617
scen_02,0.1,bj_03_t10,bj_03,10,3.3909092132033125
scen_03,0.1,bj_03_t10,bj_03,10,5.073641084441897
scen_04,0.1,bj_03_t10,bj_03,10,1.3990954763896042
scen_05,0.1,bj_03_t10,bj_03,10,1.4162154501768018
scen_06,0.1,bj_03_t10,bj_03,10,0.7575912436527625
scen_07,0.1,bj_03_t10,bj_03,10,3.5886060365990313
scen_08,0.1,bj_03_t10,bj_03,10,3.98343452086093
scen_09,0.1,bj_03_t10,bj_03,10,5.08066471772233
scen_10,0.1,bj_03_t10,bj_03,10,4.749616251133102
scen_01,0.1,bj_03_t11,bj_03,11,2.381930588566835
scen_02,0.1,bj_03_t11,bj_03,11,4.144103601822241
scen_03,0.1,bj_03_t11,bj_03,11,2.0126763729453088
scen_04,0.1,bj_03_t11,bj_03,11,2.466159830781068
scen_05,0.1,bj_03_t11,bj_03,11,1.096205334468856
scen_06,0.1,bj_03_t11,bj_03,11,2.59799359538899
scen_07,0.1,bj_03_t11,bj_03,11,2.043026226100668
scen_08,0.1,bj_03_t11,bj_03,11,1.9211472735313269
scen_09,0.1,bj_03_t11,bj_03,11,3.044082298880156
scen_10,0.1,bj_03_t11,bj_03,11,1.6924758492825336
scen_01,0.1,bj_03_t12,bj_03,12,4.671140928105222
scen_02,0.1,bj_03_t12,bj_03,12,2.4025127115446017
scen_03,0.1,bj_03_t12,bj_03,12,3.5228077617839513
scen_04,0.1,bj_03_t12,bj_03,12,0.911320521731926
scen_05,0.1,bj_03_t12,bj_03,12,4.823000635763225
scen_06,0.1,bj_03_t12,bj_03,12,1.3026953644613872
scen_07,0.1,bj_03_t12,bj_03,12,3.6862228035683087
scen_08,0.1,bj_03_t12,bj_03,12,2.955143594040432
scen_09,0.1,bj_03_t12,bj_03,12,3.1091338960295856
scen_10,0.1,bj_03_t12,bj_03,12,3.031673400280096
scen_01,0.1,bj_03_t13,bj_03,13,2.927328399065376
scen_02,0.1,bj_03_t13,bj_03,13,4.369248418965894
scen_03,0.1,bj_03_t13,bj_03,13,1.17752017676432
scen_04,0.1,bj_03_t13,bj_03,13,1.7747485776670544
scen_05,0.1,bj_03_t13,bj_03,13,5.054624701746692
scen_06,0.1,bj_03_t13,bj_03,13,2.7808440364805844
scen_07,0.1,bj_03_t13,bj_03,13,3.7169236788633575
scen_08,0.1,bj_03_t13,bj_03,13,2.967174188346579
scen_09,0.1,bj_03_t13,bj_03,13,2.672893385636482
scen_10,0.1,bj_03_t13,bj_03,13,2.7211032108332716
scen_01,0.1,bj_03_t14,bj_03,14,4.2858894641393235
scen_02,0.1,bj_03_t14,bj_03,14,3.2163520474663168
scen_03,0.1,bj_03_t14,bj_03,14,1.6987247208066716
scen_04,0.1,bj_03_t14,bj_03,14,4.5558636396762475
scen_05,0.1,bj_03_t14,bj_03,14,2.4593295142714595
scen_06,0.1,bj_03_t14,bj_03,14,1.8656899699829421
scen_07,0.1,bj_03_t14,bj_03,14,1.7096159259137544
scen_08,0.1,bj_03_t14,bj_03,14,2.5310364875169187
scen_09,0.1,bj_03_t14,bj_03,14,2.5400223913588404
scen_10,0.1,bj_03_t14,bj_03,14,2.8467634428539177
scen_01,0.1,bj_03_t15,bj_03,15,3.862045458284505
scen_02,0.1,bj_03_t15,bj_03,15,1.2282285699216944
scen_03,0.1,bj_03_t15,bj_03,15,2.8321627856411484
scen_04,0.1,bj_03_t15,bj_03,15,1.811346516392729
scen_05,0.1,bj_03_t15,bj_03,15,1.8024347812428156
scen_06,0.1,bj_03_t15,bj_03,15,1.602737941854072
scen_07,0.1,bj_03_t15,bj_03,15,2.8073496711358854
scen_08,0.1,bj_03_t15,bj_03,15,1.8726112799286772
scen_09,0.1,bj_03_t15,bj_03,15,3.190771032220503
scen_10,0.1,bj_03_t15,bj_03,15,2.322021326140433
scen_01,0.1,bj_03_t16,bj_03,16,0.7445099959385337
scen_02,0.1,bj_03_t16,bj_03,16,2.2595806326810903
scen_03,0.1,bj_03_t16,bj_03,16,2.0390704984730057
scen_04,0.1,bj_03_t16,bj_03,16,2.7451953695675835
scen_05,0.1,bj_03_t16,bj_03,16,0.7965748323456796
scen_06,0.1,bj_03_t16,bj_03,16,1.0188991603240853
scen_07,0.1,bj_03_t16,bj_03,16,2.840870150824662
scen_08,0.1,bj_03_t16,bj_03,16,1.0112361421041638
scen_09,0.1,bj_03_t16,bj_03,16,2.669146740696482
scen_10,0.1,bj_03_t16,bj_03,16,3.29049486336394
scen_01,0.1,bj_03_t17,bj_03,17,2.451180583700975
scen_02,0.1,bj_03_t17,bj_03,17,4.39274426557925
scen_03,0.1,bj_03_t17,bj_03,17,2.3537258830551266
scen_04,0.1,bj_03_t17,bj_03,17,1.7508593659933966
scen_05,0.1,bj_03_t17,bj_03,17,2.9033825901544854
scen_06,0.1,bj_03_t17,bj_03,17,2.7532635626434865
scen_07,0.1,bj_03_t17,bj_03,17,3.5106472577346204
scen_08,0.1,bj_03_t17,bj_03,17,3.8152377988490134
scen_09,0.1,bj_03_t17,bj_03,17,1.8938246795756184
scen_10,0.1,bj_03_t17,bj_03,17,4.990883956953622
scen_01,0.1,bj_03_t18,bj_03,18,1.7948340793434188
scen_02,0.1,bj_03_t18,bj_03,18,1.0522404389531674
scen_03,0.1,bj_03_t18,bj_03,18,1.3265532961369098
scen_04,0.1,bj_03_t18,bj_03,18,4.041781061122336
scen_05,0.1,bj_03_t18,bj_03,18,1.939489006989021
scen_06,0.1,bj_03_t18,bj_03,18,1.4188027434153438
scen_07,0.1,bj_03_t18,bj_03,18,1.4011285081469493
scen_08,0.1,bj_03_t18,bj_03,18,3.7194624192790453
scen_09,0.1,bj_03_t18,bj_03,18,0.9263706047059328
scen_10,0.1,bj_03_t18,bj_03,18,1.9357646363299703
scen_01,0.1,bj_03_t19,bj_03,19,2.699344853107762
scen_02,0.1,bj_03_t19,bj_03,19,3.7842692270851197
scen_03,0.1,bj_03_t19,bj_03,19,1.3555521919867886
scen_04,0.1,bj_03_t19,bj_03,19,2.829259808904295
scen_05,0.1,bj_03_t19,bj_03,19,1.6733215694556272
scen_06,0.1,bj_03_t19,bj_03,19,2.9062951822798015
scen_07,0.1,bj_03_t19,bj_03,19,1.8323300163021607
scen_08,0.1,bj_03_t19,bj_03,19,3.2137723712828556
scen_09,0.1,bj_03_t19,bj_03,19,1.0199722832454423
scen_10,0.1,bj_03_t19,bj_03,19,3.8283014802472346
scen_01,0.1,bj_03_t20,bj_03,20,2.2830766916296614
scen_02,0.1,bj_03_t20,bj_03,20,2.013634356949976
scen_03,0.1,bj_03_t20,bj_03,20,1.1714908463272788
scen_04,0.1,bj_03_t20,bj_03,20,3.242562784938968
scen_05,0.1,bj_03_t20,bj_03,20,2.315109385778161
scen_06,0.1,bj_03_t20,bj_03,20,0.9775043542593496
scen_07,0.1,bj_03_t20,bj_03,20,3.340082471463392
scen_08,0.1,bj_03_t20,bj_03,20,1.539206712583002
scen_09,0.1,bj_03_t20,bj_03,20,1.497870552405283
scen_10,0.1,bj_03_t20,bj_03,20,1.6532014113050368
scen_01,0.1,bj_03_t21,bj_03,21,3.616726222027601
scen_02,0.1,bj_03_t21,bj_03,21,0.9118576353726517
scen_03,0.1,bj_03_t21,bj_03,21,2.1488438376633576
scen_04,0.1,bj_03_t21,bj_03,21,1.0307142440869623
scen_05,0.1,bj_03_t21,bj_03,21,1.5893627048208048
scen_06,0.1,bj_03_t21,bj_03,21,0.9954786209932958
scen_07,0.1,bj_03_t21,bj_03,21,1.0233998272066267
scen_08,0.1,bj_03_t21,bj_03,21,3.650249992758496
scen_09,0.1,bj_03_t21,bj_03,21,0.946210463772156
scen_10,0.1,bj_03_t21,bj_03,21,1.3501449989851069
scen_01,0.1,bj_03_t22,bj_03,22,2.94181902572571
scen_02,0.1,bj_03_t22,bj_03,22,1.530927744759805
scen_03,0.1,bj_03_t22,bj_03,22,2.7584953883018732
scen_04,0.1,bj_03_t22,bj_03,22,3.911294889813207
scen_05,0.1,bj_03_t22,bj_03,22,1.8138627779128451
scen_06,0.1,bj_03_t22,bj_03,22,3.050566749640919
scen_07,0.1,bj_03_t22,bj_03,22,1.609618358746539
scen_08,0.1,bj_03_t22,bj_03,22,2.220626539081667
scen_09,0.1,bj_03_t22,bj_03,22,1.967287406358631
scen_10,0.1,bj_03_t22,bj_03,22,1.3662664043010415
scen_01,0.1,bj_03_t23,bj_03,23,1.4596387860437348
scen_02,0.1,bj_03_t23,bj_03,23,1.0787916095457943
scen_03,0.1,bj_03_t23,bj_03,23,0.6887130039591718
scen_04,0.1,bj_03_t23,bj_03,23,0.2962400346301062
scen_05,0.1,bj_03_t23,bj_03,23,0.8140293219710825
scen_06,0.1,bj_03_t23,bj_03,23,0.7277354167452366
scen_07,0.1,bj_03_t23,bj_03,23,0.7077637052372563
scen_08,0.1,bj_03_t23,bj_03,23,0.551261091145332
scen_09,0.1,bj_03_t23,bj_03,23,0.4095046600936465
scen_10,0.1,bj_03_t23,bj_03,23,1.2261568409969243
scen_01,0.1,bj_04_t10,bj_04,10,1.4337975795421833
scen_02,0.1,bj_04_t10,bj_04,10,0.1981411113171827
scen_03,0.1,bj_04_t10,bj_04,10,0.29549220992982717
scen_04,0.1,bj_04_t10,bj_04,10,1.043249190129023
scen_05,0.1,bj_04_t10,bj_04,10,0.10127208403390053
scen_06,0.1,bj_04_t10,bj_04,10,0.44415077246846746
scen_07,0.1,bj_04_t10,bj_04,10,1.4254295407779016
scen_08,0.1,bj_04_t10,bj_04,10,0.42111260886666013
scen_09,0.1,bj_04_t10,bj_04,10,0.4737883112852126
scen_10,0.1,bj_04_t10,bj_04,10,2.4720917979820958
scen_01,0.1,bj_04_t11,bj_04,11,1.7795344224048009
scen_02,0.1,bj_04_t11,bj_04,11,1.6895319628180767
scen_03,0.1,bj_04_t11,bj_04,11,1.8279313810475326
scen_04,0.1,bj_04_t11,bj_04,11,2.1619165396603366
scen_05,0.1,bj_04_t11,bj_04,11,1.4234028834343984
scen_06,0.1,bj_04_t11,bj_04,11,1.7577252242057164
scen_07,0.1,bj_04_t11,bj_04,11,1.7005762821742325
scen_08,0.1,bj_04_t11,bj_04,11,1.7633015441335615
scen_09,0.1,bj_04_t11,bj_04,11,1.7358097527664171
scen_10,0.1,bj_04_t11,bj_04,11,1.9388325810162512
scen_01,0.1,bj_05_t00,bj_05,0,1.8330824068439666
scen_02,0.1,bj_05_t00,bj_05,0,1.8004475368006165
scen_03,0.1,bj_05_t00,bj_05,0,1.8241044993146343
scen_04,0.1,bj_05_t00,bj_05,0,1.0452879622785183
scen_05,0.1,bj_05_t00,bj_05,0,0.9454090053948571
scen_06,0.1,bj_05_t00,bj_05,0,1.8231445882131343
scen_07,0.1,bj_05_t00,bj_05,0,1.946191378039917
scen_08,0.1,bj_05_t00,bj_05,0,1.264083135240512
scen_09,0.1,bj_05_t00,bj_05,0,1.4207752886779181
scen_10,0.1,bj_05_t00,bj_05,0,1.6155436267544228
scen_01,0.1,bj_05_t01,bj_05,1,1.7522256335261415
scen_02,0.1,bj_05_t01,bj_05,1,1.339411801247315
scen_03,0.1,bj_05_t01,bj_05,1,1.8515811649449954
scen_04,0.1,bj_05_t01,bj_05,1,1.689990057063594
scen_05,0.1,bj_05_t01,bj_05,1,1.1899299979058253
scen_06,0.1,bj_05_t01,bj_05,1,1.6940545676637322
scen_07,0.1,bj_05_t01,bj_05,1,1.8511213947718914
scen_08,0.1,bj_05_t01,bj_05,1,0.8206781990996954
scen_09,0.1,bj_05_t01,bj_05,1,1.4591911291874895
scen_10,0.1,bj_05_t01,bj_05,1,1.8726949612709698
scen_01,0.1,bj_05_t02,bj_05,2,1.8366947831413047
scen_02,0.1,bj_05_t02,bj_05,2,1.0097825528855715
scen_03,0.1,bj_05_t02,bj_05,2,1.7431673990233336
scen_04,0.1,bj_05_t02,bj_05,2,1.8325061529511406
scen_05,0.1,bj_05_t02,bj_05,2,1.4943386741084579
scen_06,0.1,bj_05_t02,bj_05,2,1.1739127520568124
scen_07,0.1,bj_05_t02,bj_05,2,1.762482728618532
scen_08,0.1,bj_05_t02,bj_05,2,1.1445037366112327
scen_09,0.1,bj_05_t02,bj_05,2,1.18948180129901
scen_10,0.1,bj_05_t02,bj_05,2,1.5315118098341323
scen_01,0.1,bj_05_t03,bj_05,3,1.7142413343268506
scen_02,0.1,bj_05_t03,bj_05,3,1.1168667108867047
scen_03,0.1,bj_05_t03,bj_05,3,1.4463212881639516
scen_04,0.1,bj_05_t03,bj_05,3,1.6463841446110115
scen_05,0.1,bj_05_t03,bj_05,3,1.8489329810437558
scen_06,0.1,bj_05_t03,bj_05,3,1.437521822280138
scen_07,0.1,bj_05_t03,bj_05,3,1.2306149040293626
scen_08,0.1,bj_05_t03,bj_05,3,1.4039070491345917
scen_09,0.1,bj_05_t03,bj_05,3,1.4407174627105515
scen_10,0.1,bj_05_t03,bj_05,3,1.2125615341328353
scen_01,0.1,bj_05_t04,bj_05,4,1.2550302270891076
scen_02,0.1,bj_05_t04,bj_05,4,1.8114487987515684
scen_03,0.1,bj_05_t04,bj_05,4,1.2261660113638773
scen_04,0.1,bj_05_t04,bj_05,4,1.709679273155471
scen_05,0.1,bj_05_t04,bj_05,4,1.436489360292124
scen_06,0.1,bj_05_t04,bj_05,4,1.5706111200299846
scen_07,0.1,bj_05_t04,bj_05,4,1.3813640961992315
scen_08,0.1,bj_05_t04,bj_05,4,1.680039185582189
scen_09,0.1,bj_05_t04,bj_05,4,1.2399710145969831
scen_10,0.1,bj_05_t04,bj_05,4,1.845477530352311
scen_01,0.1,bj_05_t05,bj_05,5,1.9202067525579622
scen_02,0.1,bj_05_t05,bj_05,5,1.8097121409131267
scen_03,0.1,bj_05_t05,bj_05,5,1.3013689307961547
scen_04,0.1,bj_05_t05,bj_05,5,1.8841102322451335
scen_05,0.1,bj_05_t05,bj_05,5,1.3127922988211604
scen_06,0.1,bj_05_t05,bj_05,5,1.8275843752878225
scen_07,0.1,bj_05_t05,bj_05,5,1.156117541566433
scen_08,0.1,bj_05_t05,bj_05,5,1.7493851641291658
scen_09,0.1,bj_05_t05,bj_05,5,1.7057825432560714
scen_10,0.1,bj_05_t05,bj_05,5,1.8953342997788298
scen_01,0.1,bj_05_t06,bj_05,6,1.8433960994853038
scen_02,0.1,bj_05_t06,bj_05,6,1.2867243512638904
scen_03,0.1,bj_05_t06,bj_05,6,1.7172918824516152
scen_04,0.1,bj_05_t06,bj_05,6,1.3769986603010471
scen_05,0.1,bj_05_t06,bj_05,6,1.808863357356866
scen_06,0.1,bj_05_t06,bj_05,6,1.5488762968007657
scen_07,0.1,bj_05_t06,bj_05,6,1.3137358364094427
scen_08,0.1,bj_05_t06,bj_05,6,1.824434667762528
scen_09,0.1,bj_05_t06,bj_05,6,1.51407811208818
scen_10,0.1,bj_05_t06,bj_05,6,1.6300574851912142
scen_01,0.1,bj_05_t07,bj_05,7,1.63758056722163
scen_02,0.1,bj_05_t07,bj_05,7,1.29364846451944
scen_03,0.1,bj_05_t07,bj_05,7,1.5007956378510083
scen_04,0.1,bj_05_t07,bj_05,7,1.3298260286664405
scen_05,0.1,bj_05_t07,bj_05,7,1.5702850761130902
scen_06,0.1,bj_05_t07,bj_05,7,1.3453221432791311
scen_07,0.1,bj_05_t07,bj_05,7,1.5674698137363707
scen_08,0.1,bj_05_t07,bj_05,7,1.630982461670071
scen_09,0.1,bj_05_t07,bj_05,7,1.5451202156201447
scen_10,0.1,bj_05_t07,bj_05,7,1.49388186151396
scen_01,0.1,bj_05_t08,bj_05,8,0.9869975940172294
scen_02,0.1,bj_05_t08,bj_05,8,0.8584864707849241
scen_03,0.1,bj_05_t08,bj_05,8,1.516537174268655
scen_04,0.1,bj_05_t08,bj_05,8,1.1163507359027116
scen_05,0.1,bj_05_t08,bj_05,8,1.4901032529113243
scen_06,0.1,bj_05_t08,bj_05,8,1.683986106221104
scen_07,0.1,bj_05_t08,bj_05,8,1.5687263654439532
scen_08,0.1,bj_05_t08,bj_05,8,1.52620043513696
scen_09,0.1,bj_05_t08,bj_05,8,1.141005726127714
scen_10,0.1,bj_05_t08,bj_05,8,1.3541799016442067
scen_01,0.1,bj_05_t09,bj_05,9,1.512493799474445
scen_02,0.1,bj_05_t09,bj_05,9,1.617281257685577
scen_03,0.1,bj_05_t09,bj_05,9,1.7980393510593633
scen_04,0.1,bj_05_t09,bj_05,9,1.8749238017093184
scen_05,0.1,bj_05_t09,bj_05,9,1.6174252161980132
scen_06,0.1,bj_05_t09,bj_05,9,1.5726922686023412
scen_07,0.1,bj_05_t09,bj_05,9,1.289104396148907
scen_08,0.1,bj_05_t09,bj_05,9,1.402827501559536
scen_09,0.1,bj_05_t09,bj_05,9,1.7466163225119662
scen_10,0.1,bj_05_t09,bj_05,9,0.979378866715875
scen_01,0.1,bj_05_t10,bj_05,10,1.6278188602656976
scen_02,0.1,bj_05_t10,bj_05,10,1.5707745470383028
scen_03,0.1,bj_05_t10,bj_05,10,1.8214375545286166
scen_04,0.1,bj_05_t10,bj_05,10,1.4567356183779372
scen_05,0.1,bj_05_t10,bj_05,10,1.2349906568747193
scen_06,0.1,bj_05_t10,bj_05,10,1.2405168541526415
scen_07,0.1,bj_05_t10,bj_05,10,1.526745401384854
scen_08,0.1,bj_05_t10,bj_05,10,1.3336976521583275
scen_09,0.1,bj_05_t10,bj_05,10,1.4324390572018588
scen_10,0.1,bj_05_t10,bj_05,10,1.4455919356610982
scen_01,0.1,bj_05_t11,bj_05,11,1.6059946690204914
scen_02,0.1,bj_05_t11,bj_05,11,1.3801428577329407
scen_03,0.1,bj_05_t11,bj_05,11,1.3744992082210492
scen_04,0.1,bj_05_t11,bj_05,11,1.8149882180843102
scen_05,0.1,bj_05_t11,bj_05,11,1.393625517975603
scen_06,0.1,bj_05_t11,bj_05,11,1.4610824392455584
scen_07,0.1,bj_05_t11,bj_05,11,1.6087675542036743
scen_08,0.1,bj_05_t11,bj_05,11,1.3595496946090446
scen_09,0.1,bj_05_t11,bj_05,11,1.5181044745192316
scen_10,0.1,bj_05_t11,bj_05,11,1.8995260774091258
scen_01,0.1,bj_05_t12,bj_05,12,1.9180307315443885
scen_02,0.1,bj_05_t12,bj_05,12,1.9776745890187717
scen_03,0.1,bj_05_t12,bj_05,12,1.4097114741779375
scen_04,0.1,bj_05_t12,bj_05,12,1.9668010249010264
scen_05,0.1,bj_05_t12,bj_05,12,1.8435906366756243
scen_06,0.1,bj_05_t12,bj_05,12,1.9144053074753207
scen_07,0.1,bj_05_t12,bj_05,12,1.6589729866117073
scen_08,0.1,bj_05_t12,bj_05,12,1.9084201994998233
scen_09,0.1,bj_05_t12,bj_05,12,1.286409675088027
scen_10,0.1,bj_05_t12,bj_05,12,1.8823518399306571
scen_01,0.1,bj_05_t13,bj_05,13,1.5163531211893242
scen_02,0.1,bj_05_t13,bj_05,13,1.534532240765627
scen_03,0.1,bj_05_t13,bj_05,13,1.7185486308018467
scen_04,0.1,bj_05_t13,bj_05,13,1.6388146090028406
scen_05,0.1,bj_05_t13,bj_05,13,1.7197854144457125
scen_06,0.1,bj_05_t13,bj_05,13,1.7013833211498923
scen_07,0.1,bj_05_t13,bj_05,13,1.7301179244188118
scen_08,0.1,bj_05_t13,bj_05,13,1.71523937589626
scen_09,0.1,bj_05_t13,bj_05,13,1.8656587607169626
scen_10,0.1,bj_05_t13,bj_05,13,1.4889776374214672
scen_01,0.1,bj_05_t14,bj_05,14,1.2684970082908578
scen_02,0.1,bj_05_t14,bj_05,14,1.9013870703526714
scen_03,0.1,bj_05_t14,bj_05,14,1.1983246841613844
scen_04,0.1,bj_05_t14,bj_05,14,1.4382306914399958
scen_05,0.1,bj_05_t14,bj_05,14,1.5640022043371804
scen_06,0.1,bj_05_t14,bj_05,14,1.0290951144236775
scen_07,0.1,bj_05_t14,bj_05,14,1.6389527785309732
scen_08,0.1,bj_05_t14,bj_05,14,1.9421177701347152
scen_09,0.1,bj_05_t14,bj_05,14,1.8673691971305648
scen_10,0.1,bj_05_t14,bj_05,14,1.803291132433625
scen_01,0.1,bj_05_t15,bj_05,15,1.407646879157367
scen_02,0.1,bj_05_t15,bj_05,15,1.747350178733744
scen_03,0.1,bj_05_t15,bj_05,15,1.7932626886110914
scen_04,0.1,bj_05_t15,bj_05,15,1.2336699704642033
scen_05,0.1,bj_05_t15,bj_05,15,1.5746521661444628
scen_06,0.1,bj_05_t15,bj_05,15,1.6348071469450174
scen_07,0.1,bj_05_t15,bj_05,15,1.0544696846884107
scen_08,0.1,bj_05_t15,bj_05,15,1.1396167102552126
scen_09,0.1,bj_05_t15,bj_05,15,1.5910426914915203
scen_10,0.1,bj_05_t15,bj_05,15,1.7796101053543718
scen_01,0.1,bj_05_t16,bj_05,16,1.417354875922678
scen_02,0.1,bj_05_t16,bj_05,16,1.7966677682453067
scen_03,0.1,bj_05_t16,bj_05,16,1.535001817245
scen_04,0.1,bj_05_t16,bj_05,16,1.7338929641968757
scen_05,0.1,bj_05_t16,bj_05,16,1.8625754403379389
scen_06,0.1,bj_05_t16,bj_05,16,1.0648118723225113
scen_07,0.1,bj_05_t16,bj_05,16,1.6258120990916047
scen_08,0.1,bj_05_t16,bj_05,16,1.5331078594543222
scen_09,0.1,bj_05_t16,bj_05,16,1.881841143841048
scen_10,0.1,bj_05_t16,bj_05,16,1.1519661186311778
scen_01,0.1,bj_05_t17,bj_05,17,1.5559564330815314
scen_02,0.1,bj_05_t17,bj_05,17,1.6111087185988453
scen_03,0.1,bj_05_t17,bj_05,17,1.5019122847423287
scen_04,0.1,bj_05_t17,bj_05,17,1.7940202992203576
scen_05,0.1,bj_05_t17,bj_05,17,1.5195823181330077
scen_06,0.1,bj_05_t17,bj_05,17,1.7066529390484548
scen_07,0.1,bj_05_t17,bj_05,17,1.5771059100892235
scen_08,0.1,bj_05_t17,bj_05,17,1.852722871580648
scen_09,0.1,bj_05_t17,bj_05,17,1.7787966461412212
scen_10,0.1,bj_05_t17,bj_05,17,1.70124659866207
scen_01,0.1,bj_05_t18,bj_05,18,1.4800090062873035
scen_02,0.1,bj_05_t18,bj_05,18,1.5477473126389723
scen_03,0.1,bj_05_t18,bj_05,18,1.6409536413048629
scen_04,0.1,bj_05_t18,bj_05,18,1.3721879780920145
scen_05,0.1,bj_05_t18,bj_05,18,1.3124797861248754
scen_06,0.1,bj_05_t18,bj_05,18,1.7187878816746982
scen_07,0.1,bj_05_t18,bj_05,18,0.6828461440508393
scen_08,0.1,bj_05_t18,bj_05,18,1.2573815624480953
scen_09,0.1,bj_05_t18,bj_05,18,0.9188149179280778
scen_10,0.1,bj_05_t18,bj_05,18,0.8330429095655112
scen_01,0.1,bj_05_t19,bj_05,19,1.4238455177747353
scen_02,0.1,bj_05_t19,bj_05,19,1.4866524085491346
scen_03,0.1,bj_05_t19,bj_05,19,1.4139914667772038
scen_04,0.1,bj_05_t19,bj_05,19,1.609286482006767
scen_05,0.1,bj_05_t19,bj_05,19,1.2715921437065043
scen_06,0.1,bj_05_t19,bj_05,19,1.585634657897363
scen_07,0.1,bj_05_t19,bj_05,19,1.2320743318335219
scen_08,0.1,bj_05_t19,bj_05,19,1.6937995547077507
scen_09,0.1,bj_05_t19,bj_05,19,1.6527057890991406
scen_10,0.1,bj_05_t19,bj_05,19,1.4166657745331757
scen_01,0.1,bj_05_t20,bj_05,20,1.602936330930885
scen_02,0.1,bj_05_t20,bj_05,20,1.4865433075090093
scen_03,0.1,bj_05_t20,bj_05,20,1.642601760124776
scen_04,0.1,bj_05_t20,bj_05,20,1.521549212477637
scen_05,0.1,bj_05_t20,bj_05,20,1.5252939173090654
scen_06,0.1,bj_05_t20,bj_05,20,1.8463080142746922
scen_07,0.1,bj_05_t20,bj_05,20,1.7639325778512758
scen_08,0.1,bj_05_t20,bj_05,20,1.605541885860135
scen_09,0.1,bj_05_t20,bj_05,20,1.7151448104086975
scen_10,0.1,bj_05_t20,bj_05,20,1.7877624182317242
scen_01,0.1,bj_05_t21,bj_05,21,1.5271014864966244
scen_02,0.1,bj_05_t21,bj_05,21,1.7563931434464675
scen_03,0.1,bj_05_t21,bj_05,21,1.8556320992823714
scen_04,0.1,bj_05_t21,bj_05,21,1.7743714306932492
scen_05,0.1,bj_05_t21,bj_05,21,1.6695452113504752
scen_06,0.1,bj_05_t21,bj_05,21,1.3483908020920998
scen_07,0.1,bj_05_t21,bj_05,21,1.753103688899515
scen_08,0.1,bj_05_t21,bj_05,21,1.6466318717648274
scen_09,0.1,bj_05_t21,bj_05,21,1.895087263589621
scen_10,0.1,bj_05_t21,bj_05,21,1.4604749374815293
scen_01,0.1,bj_05_t22,bj_05,22,1.8089958721593224
scen_02,0.1,bj_05_t22,bj_05,22,1.9438163381642677
scen_03,0.1,bj_05_t22,bj_05,22,1.8209786488457764
scen_04,0.1,bj_05_t22,bj_05,22,1.2272590681468258
scen_05,0.1,bj_05_t22,bj_05,22,1.717207989633121
scen_06,0.1,bj_05_t22,bj_05,22,1.3484577083528126
scen_07,0.1,bj_05_t22,bj_05,22,1.829913858159935
scen_08,0.1,bj_05_t22,bj_05,22,1.641338309265881
scen_09,0.1,bj_05_t22,bj_05,22,1.9025026241175713
scen_10,0.1,bj_05_t22,bj_05,22,1.6458046110251778
scen_01,0.1,bj_05_t23,bj_05,23,1.6509573766601386
scen_02,0.1,bj_05_t23,bj_05,23,1.8367646456133897
scen_03,0.1,bj_05_t23,bj_05,23,1.5462837699672933
scen_04,0.1,bj_05_t23,bj_05,23,1.3094521086042006
scen_05,0.1,bj_05_t23,bj_05,23,1.1652829165963456
scen_06,0.1,bj_05_t23,bj_05,23,1.7625495800893813
scen_07,0.1,bj_05_t23,bj_05,23,1.7373073769122738
scen_08,0.1,bj_05_t23,bj_05,23,1.856902169600475
scen_09,0.1,bj_05_t23,bj_05,23,1.7681868966031216
scen_10,0.1,bj_05_t23,bj_05,23,1.810039797048284
scen_01,0.1,bj_06_t00,bj_06,0,1.0338346666631275
scen_02,0.1,bj_06_t00,bj_06,0,0.99539804782305
scen_03,0.1,bj_06_t00,bj_06,0,1.8273409791147943
scen_04,0.1,bj_06_t00,bj_06,0,0.6519976207800284
scen_05,0.1,bj_06_t00,bj_06,0,1.2205155903363536
scen_06,0.1,bj_06_t00,bj_06,0,1.6249247156381164
scen_07,0.1,bj_06_t00,bj_06,0,1.9555862237748785
scen_08,0.1,bj_06_t00,bj_06,0,0.7923658706236667
scen_09,0.1,bj_06_t00,bj_06,0,0.7649946047012868
scen_10,0.1,bj_06_t00,bj_06,0,0.9850714001394558
scen_01,0.1,bj_06_t01,bj_06,1,1.5612726617763595
scen_02,0.1,bj_06_t01,bj_06,1,1.1405538356808576
scen_03,0.1,bj_06_t01,bj_06,1,0.5804116961274055
scen_04,0.1,bj_06_t01,bj_06,1,0.6015286861332938
scen_05,0.1,bj_06_t01,bj_06,1,0.5408956635637552
scen_06,0.1,bj_06_t01,bj_06,1,0.7500184732641286
scen_07,0.1,bj_06_t01,bj_06,1,1.9883001770343722
scen_08,0.1,bj_06_t01,bj_06,1,0.5528983756715375
scen_09,0.1,bj_06_t01,bj_06,1,1.4128021299612308
scen_10,0.1,bj_06_t01,bj_06,1,1.4037066463066405
scen_01,0.1,bj_06_t02,bj_06,2,1.50558554833481
scen_02,0.1,bj_06_t02,bj_06,2,1.2025111994147117
scen_03,0.1,bj_06_t02,bj_06,2,1.4327555377559829
scen_04,0.1,bj_06_t02,bj_06,2,1.0671077734769305
scen_05,0.1,bj_06_t02,bj_06,2,1.0243662414380683
scen_06,0.1,bj_06_t02,bj_06,2,0.8226277846859831
scen_07,0.1,bj_06_t02,bj_06,2,1.2287273837522674
scen_08,0.1,bj_06_t02,bj_06,2,2.2746095878510046
scen_09,0.1,bj_06_t02,bj_06,2,0.8491676559848191
scen_10,0.1,bj_06_t02,bj_06,2,0.5890161026535117
scen_01,0.1,bj_06_t03,bj_06,3,0.7688062412321257
scen_02,0.1,bj_06_t03,bj_06,3,0.9191064234522512
scen_03,0.1,bj_06_t03,bj_06,3,0.6999528917260569
scen_04,0.1,bj_06_t03,bj_06,3,0.537233059695704
scen_05,0.1,bj_06_t03,bj_06,3,0.5011657359131623
scen_06,0.1,bj_06_t03,bj_06,3,1.7236068758472027
scen_07,0.1,bj_06_t03,bj_06,3,0.6920291103234715
scen_08,0.1,bj_06_t03,bj_06,3,0.5220208470876686
scen_09,0.1,bj_06_t03,bj_06,3,0.5564549070009241
scen_10,0.1,bj_06_t03,bj_06,3,1.4989431535259585
scen_01,0.1,bj_06_t04,bj_06,4,1.7639024230864064
scen_02,0.1,bj_06_t04,bj_06,4,1.2642997002439778
scen_03,0.1,bj_06_t04,bj_06,4,0.6682854205066253
scen_04,0.1,bj_06_t04,bj_06,4,1.3290215552783318
scen_05,0.1,bj_06_t04,bj_06,4,1.1137553031797585
scen_06,0.1,bj_06_t04,bj_06,4,0.5758161882532171
scen_07,0.1,bj_06_t04,bj_06,4,1.0933352936985945
scen_08,0.1,bj_06_t04,bj_06,4,0.605288073944497
scen_09,0.1,bj_06_t04,bj_06,4,1.3428792683525586
scen_10,0.1,bj_06_t04,bj_06,4,0.7721668615720001
scen_01,0.1,bj_06_t05,bj_06,5,1.8950151311920798
scen_02,0.1,bj_06_t05,bj_06,5,0.5384954708347964
scen_03,0.1,bj_06_t05,bj_06,5,1.1144593843974677
scen_04,0.1,bj_06_t05,bj_06,5,1.338264073159498
scen_05,0.1,bj_06_t05,bj_06,5,0.7836651964522081
scen_06,0.1,bj_06_t05,bj_06,5,0.6318268034609473
scen_07,0.1,bj_06_t05,bj_06,5,0.5076601245925525
scen_08,0.1,bj_06_t05,bj_06,5,0.5006201769962637
scen_09,0.1,bj_06_t05,bj_06,5,1.513978769467806
scen_10,0.1,bj_06_t05,bj_06,5,1.022022715624338
scen_01,0.1,bj_06_t06,bj_06,6,1.328904144927988
scen_02,0.1,bj_06_t06,bj_06,6,1.6044174153716522
scen_03,0.1,bj_06_t06,bj_06,6,1.1298579218202762
scen_04,0.1,bj_06_t06,bj_06,6,1.279491643558724
scen_05,0.1,bj_06_t06,bj_06,6,0.9496555674337295
scen_06,0.1,bj_06_t06,bj_06,6,1.472392238237873
scen_07,0.1,bj_06_t06,bj_06,6,0.662543947827684
scen_08,0.1,bj_06_t06,bj_06,6,0.9407288326095622
scen_09,0.1,bj_06_t06,bj_06,6,0.7420042207832878
scen_10,0.1,bj_06_t06,bj_06,6,0.6480575536321713
scen_01,0.1,bj_06_t07,bj_06,7,1.3451705714659472
scen_02,0.1,bj_06_t07,bj_06,7,0.5549881364167399
scen_03,0.1,bj_06_t07,bj_06,7,1.0824658462112555
scen_04,0.1,bj_06_t07,bj_06,7,1.9493933482614683
scen_05,0.1,bj_06_t07,bj_06,7,1.4639758800165998
scen_06,0.1,bj_06_t07,bj_06,7,0.5453306448227089
scen_07,0.1,bj_06_t07,bj_06,7,0.5994276632057458
scen_08,0.1,bj_06_t07,bj_06,7,0.5508019918409177
scen_09,0.1,bj_06_t07,bj_06,7,1.0390542974087835
scen_10,0.1,bj_06_t07,bj_06,7,1.5018509240778268
scen_01,0.1,bj_06_t08,bj_06,8,2.141933539111917
scen_02,0.1,bj_06_t08,bj_06,8,1.2845430321952958
scen_03,0.1,bj_06_t08,bj_06,8,0.8732752184080452
scen_04,0.1,bj_06_t08,bj_06,8,1.039665704198433
scen_05,0.1,bj_06_t08,bj_06,8,1.0627574429281328
scen_06,0.1,bj_06_t08,bj_06,8,1.4267913801743046
scen_07,0.1,bj_06_t08,bj_06,8,0.6334266796166168
scen_08,0.1,bj_06_t08,bj_06,8,1.8646631882484124
scen_09,0.1,bj_06_t08,bj_06,8,1.0114095953330882
scen_10,0.1,bj_06_t08,bj_06,8,1.1550309996957824
scen_01,0.1,bj_06_t09,bj_06,9,0.5473974466368021
scen_02,0.1,bj_06_t09,bj_06,9,0.8367944890507231
scen_03,0.1,bj_06_t09,bj_06,9,1.1095496263789013
scen_04,0.1,bj_06_t09,bj_06,9,1.3627798279952503
scen_05,0.1,bj_06_t09,bj_06,9,0.6273866009499234
scen_06,0.1,bj_06_t09,bj_06,9,1.0822457559752099
scen_07,0.1,bj_06_t09,bj_06,9,2.0193260865345497
scen_08,0.1,bj_06_t09,bj_06,9,0.8678606034361485
scen_09,0.1,bj_06_t09,bj_06,9,0.7311055834245743
scen_10,0.1,bj_06_t09,bj_06,9,0.5177211052788842
scen_01,0.1,bj_06_t10,bj_06,10,0.9398264124087852
scen_02,0.1,bj_06_t10,bj_06,10,1.0221981989842692
scen_03,0.1,bj_06_t10,bj_06,10,0.5555565430889433
scen_04,0.1,bj_06_t10,bj_06,10,1.0090193306117896
scen_05,0.1,bj_06_t10,bj_06,10,0.9091327040147217
scen_06,0.1,bj_06_t10,bj_06,10,1.3784148062930255
scen_07,0.1,bj_06_t10,bj_06,10,1.4958184569847606
scen_08,0.1,bj_06_t10,bj_06,10,1.6211906829976512
scen_09,0.1,bj_06_t10,bj_06,10,0.9097048520038771
scen_10,0.1,bj_06_t10,bj_06,10,1.8361978721468601
scen_01,0.1,bj_06_t11,bj_06,11,0.7423019885982625
scen_02,0.1,bj_06_t11,bj_06,11,1.6478193364964813
scen_03,0.1,bj_06_t11,bj_06,11,0.5668475652619385
scen_04,0.1,bj_06_t11,bj_06,11,0.7206687518703891
scen_05,0.1,bj_06_t11,bj_06,11,1.4574824130231423
scen_06,0.1,bj_06_t11,bj_06,11,0.5965509924336792
scen_07,0.1,bj_06_t11,bj_06,11,2.028449242738074
scen_08,0.1,bj_06_t11,bj_06,11,0.9760096474518472
scen_09,0.1,bj_06_t11,bj_06,11,0.5253536277005375
scen_10,0.1,bj_06_t11,bj_06,11,1.2175054638256217
scen_01,0.1,bj_06_t12,bj_06,12,1.2733218616188717
scen_02,0.1,bj_06_t12,bj_06,12,0.75436342315532
scen_03,0.1,bj_06_t12,bj_06,12,0.8307985813179377
scen_04,0.1,bj_06_t12,bj_06,12,0.6515171676599738
scen_05,0.1,bj_06_t12,bj_06,12,2.101380015463164
scen_06,0.1,bj_06_t12,bj_06,12,0.801051181646055
scen_07,0.1,bj_06_t12,bj_06,12,0.5420224988378499
scen_08,0.1,bj_06_t12,bj_06,12,0.531988954217786
scen_09,0.1,bj_06_t12,bj_06,12,1.4190910375360826
scen_10,0.1,bj_06_t12,bj_06,12,1.2297257786359599
scen_01,0.1,bj_06_t13,bj_06,13,2.2645237972692756
scen_02,0.1,bj_06_t13,bj_06,13,1.4577915713816332
scen_03,0.1,bj_06_t13,bj_06,13,1.599656775614229
scen_04,0.1,bj_06_t13,bj_06,13,0.7450733836673804
scen_05,0.1,bj_06_t13,bj_06,13,1.8290309433639262
scen_06,0.1,bj_06_t13,bj_06,13,0.5258882092575443
scen_07,0.1,bj_06_t13,bj_06,13,1.550889146460136
scen_08,0.1,bj_06_t13,bj_06,13,1.270769786636687
scen_09,0.1,bj_06_t13,bj_06,13,0.565337209266678
scen_10,0.1,bj_06_t13,bj_06,13,1.0756385342142771
scen_01,0.1,bj_06_t14,bj_06,14,0.7810231144454765
scen_02,0.1,bj_06_t14,bj_06,14,0.7766656565338881
scen_03,0.1,bj_06_t14,bj_06,14,1.6269927413150533
scen_04,0.1,bj_06_t14,bj_06,14,0.9411898195391368
scen_05,0.1,bj_06_t14,bj_06,14,0.779615749975032
scen_06,0.1,bj_06_t14,bj_06,14,1.6254757400792168
scen_07,0.1,bj_06_t14,bj_06,14,1.3574719668068949
scen_08,0.1,bj_06_t14,bj_06,14,1.4330247554152642
scen_09,0.1,bj_06_t14,bj_06,14,0.7402547730563891
scen_10,0.1,bj_06_t14,bj_06,14,1.8327649888271242
scen_01,0.1,bj_06_t15,bj_06,15,1.91950101069443
scen_02,0.1,bj_06_t15,bj_06,15,0.6131774136495056
scen_03,0.1,bj_06_t15,bj_06,15,1.283736358395594
scen_04,0.1,bj_06_t15,bj_06,15,1.0777424281537857
scen_05,0.1,bj_06_t15,bj_06,15,0.5615007765698521
scen_06,0.1,bj_06_t15,bj_06,15,0.7010709729185642
scen_07,0.1,bj_06_t15,bj_06,15,1.0914195360527497
scen_08,0.1,bj_06_t15,bj_06,15,1.2307526451861461
scen_09,0.1,bj_06_t15,bj_06,15,0.9731902860147403
scen_10,0.1,bj_06_t15,bj_06,15,1.56510838550334
scen_01,0.1,bj_06_t16,bj_06,16,1.0620742294252272
scen_02,0.1,bj_06_t16,bj_06,16,2.1945941853267485
scen_03,0.1,bj_06_t16,bj_06,16,2.247946944418119
scen_04,0.1,bj_06_t16,bj_06,16,0.6794565741555647
scen_05,0.1,bj_06_t16,bj_06,16,2.2983105596486717
scen_06,0.1,bj_06_t16,bj_06,16,0.679077834542406
scen_07,0.1,bj_06_t16,bj_06,16,0.6452347083221768
scen_08,0.1,bj_06_t16,bj_06,16,1.4974185354300897
scen_09,0.1,bj_06_t16,bj_06,16,1.2288186810636832
scen_10,0.1,bj_06_t16,bj_06,16,0.8098110189632428
scen_01,0.1,bj_06_t17,bj_06,17,1.1509481378883606
scen_02,0.1,bj_06_t17,bj_06,17,1.2437985555979136
scen_03,0.1,bj_06_t17,bj_06,17,1.140057957612236
scen_04,0.1,bj_06_t17,bj_06,17,0.5843976245337754
scen_05,0.1,bj_06_t17,bj_06,17,0.982800251060169
scen_06,0.1,bj_06_t17,bj_06,17,1.9453314633700396
scen_07,0.1,bj_06_t17,bj_06,17,1.7733663862629374
scen_08,0.1,bj_06_t17,bj_06,17,0.7013458583374639
scen_09,0.1,bj_06_t17,bj_06,17,1.679242959274051
scen_10,0.1,bj_06_t17,bj_06,17,1.4932279980181586
scen_01,0.1,bj_06_t18,bj_06,18,1.3323338037775674
scen_02,0.1,bj_06_t18,bj_06,18,1.1184728892882834
scen_03,0.1,bj_06_t18,bj_06,18,0.9409017032312821
scen_04,0.1,bj_06_t18,bj_06,18,1.049562364084213
scen_05,0.1,bj_06_t18,bj_06,18,1.8439931930756637
scen_06,0.1,bj_06_t18,bj_06,18,0.6326024454164516
scen_07,0.1,bj_06_t18,bj_06,18,0.8525922424460379
scen_08,0.1,bj_06_t18,bj_06,18,0.7304961663828973
scen_09,0.1,bj_06_t18,bj_06,18,1.8164399640282314
scen_10,0.1,bj_06_t18,bj_06,18,0.6137954996835404
scen_01,0.1,bj_06_t19,bj_06,19,1.7393744007395493
scen_02,0.1,bj_06_t19,bj_06,19,1.4266343071257293
scen_03,0.1,bj_06_t19,bj_06,19,1.2032711609837232
scen_04,0.1,bj_06_t19,bj_06,19,0.6300772873554608
scen_05,0.1,bj_06_t19,bj_06,19,0.6425755936087829
scen_06,0.1,bj_06_t19,bj_06,19,3.3723151462671894
scen_07,0.1,bj_06_t19,bj_06,19,2.5360829129494684
scen_08,0.1,bj_06_t19,bj_06,19,1.4745478927290345
scen_09,0.1,bj_06_t19,bj_06,19,3.056228099760944
scen_10,0.1,bj_06_t19,bj_06,19,0.9173974152988653
scen_01,0.1,bj_06_t20,bj_06,20,0.7935210935940269
scen_02,0.1,bj_06_t20,bj_06,20,0.8283957078673008
scen_03,0.1,bj_06_t20,bj_06,20,1.3068924603494565
scen_04,0.1,bj_06_t20,bj_06,20,1.801232402089418
scen_05,0.1,bj_06_t20,bj_06,20,0.7700491835100784
scen_06,0.1,bj_06_t20,bj_06,20,0.7021020813404855
scen_07,0.1,bj_06_t20,bj_06,20,1.7460458174654483
scen_08,0.1,bj_06_t20,bj_06,20,1.6673428732836544
scen_09,0.1,bj_06_t20,bj_06,20,1.3132855578593572
scen_10,0.1,bj_06_t20,bj_06,20,1.1844322876132303
scen_01,0.1,bj_06_t21,bj_06,21,1.459175998679801
scen_02,0.1,bj_06_t21,bj_06,21,1.7282552159333373
scen_03,0.1,bj_06_t21,bj_06,21,1.9660239073659973
scen_04,0.1,bj_06_t21,bj_06,21,2.2154521502226983
scen_05,0.1,bj_06_t21,bj_06,21,0.8405906093219104
scen_06,0.1,bj_06_t21,bj_06,21,1.5475385677489812
scen_07,0.1,bj_06_t21,bj_06,21,1.897400335674851
scen_08,0.1,bj_06_t21,bj_06,21,0.8497849913392403
scen_09,0.1,bj_06_t21,bj_06,21,1.6685934510924605
scen_10,0.1,bj_06_t21,bj_06,21,1.5293723225649825
scen_01,0.1,bj_06_t22,bj_06,22,1.21621666525465
scen_02,0.1,bj_06_t22,bj_06,22,0.6112674142900365
scen_03,0.1,bj_06_t22,bj_06,22,0.8844045414739403
scen_04,0.1,bj_06_t22,bj_06,22,1.1838948109363665
scen_05,0.1,bj_06_t22,bj_06,22,0.8817338445227243
scen_06,0.1,bj_06_t22,bj_06,22,0.7627962547340053
scen_07,0.1,bj_06_t22,bj_06,22,1.708338883362361
scen_08,0.1,bj_06_t22,bj_06,22,2.217474772617101
scen_09,0.1,bj_06_t22,bj_06,22,1.6500046002493374
scen_10,0.1,bj_06_t22,bj_06,22,0.5609699055661332
scen_01,0.1,bj_06_t23,bj_06,23,1.2007110732450805
scen_02,0.1,bj_06_t23,bj_06,23,2.1492773088927057
scen_03,0.1,bj_06_t23,bj_06,23,2.0478843166366394
scen_04,0.1,bj_06_t23,bj_06,23,0.9646004986291792
scen_05,0.1,bj_06_t23,bj_06,23,1.1154699587521306
scen_06,0.1,bj_06_t23,bj_06,23,1.5191541267670368
scen_07,0.1,bj_06_t23,bj_06,23,0.6194195958419131
scen_08,0.1,bj_06_t23,bj_06,23,2.027112413145075
scen_09,0.1,bj_06_t23,bj_06,23,1.056045934961972
scen_10,0.1,bj_06_t23,bj_06,23,1.1531385420750278
scen_01,0.1,bj_07_t00,bj_07,0,1.353315363324556
scen_02,0.1,bj_07_t00,bj_07,0,1.0548979746425804
scen_03,0.1,bj_07_t00,bj_07,0,1.3466280381105842
scen_04,0.1,bj_07_t00,bj_07,0,1.46046002721944
scen_05,0.1,bj_07_t00,bj_07,0,1.3194582958218732
scen_06,0.1,bj_07_t00,bj_07,0,1.4965416778662042
scen_07,0.1,bj_07_t00,bj_07,0,1.347377126800281
scen_08,0.1,bj_07_t00,bj_07,0,0.9722261942841699
scen_09,0.1,bj_07_t00,bj_07,0,1.2658677551179376
scen_10,0.1,bj_07_t00,bj_07,0,1.5133445675948336
scen_01,0.1,bj_07_t01,bj_07,1,1.546321583456681
scen_02,0.1,bj_07_t01,bj_07,1,1.3960953997556316
scen_03,0.1,bj_07_t01,bj_07,1,1.644277986853092
scen_04,0.1,bj_07_t01,bj_07,1,1.1445819237672472
scen_05,0.1,bj_07_t01,bj_07,1,1.5557446028778805
scen_06,0.1,bj_07_t01,bj_07,1,1.4181837383749487
scen_07,0.1,bj_07_t01,bj_07,1,1.686295484984469
scen_08,0.1,bj_07_t01,bj_07,1,1.396765178535952
scen_09,0.1,bj_07_t01,bj_07,1,1.4575766845903242
scen_10,0.1,bj_07_t01,bj_07,1,1.12307541387232
scen_01,0.1,bj_07_t02,bj_07,2,1.3024212089044087
scen_02,0.1,bj_07_t02,bj_07,2,1.1893743607320046
scen_03,0.1,bj_07_t02,bj_07,2,1.4997690527644612
scen_04,0.1,bj_07_t02,bj_07,2,0.9762134836630307
scen_05,0.1,bj_07_t02,bj_07,2,0.8849784762933441
scen_06,0.1,bj_07_t02,bj_07,2,0.8208974216185405
scen_07,0.1,bj_07_t02,bj_07,2,0.77555628682849
scen_08,0.1,bj_07_t02,bj_07,2,0.9080736403118899
scen_09,0.1,bj_07_t02,bj_07,2,1.0000425761480694
scen_10,0.1,bj_07_t02,bj_07,2,0.9576264893808576
scen_01,0.1,bj_07_t03,bj_07,3,0.7554011974809608
scen_02,0.1,bj_07_t03,bj_07,3,1.3513438017870039
scen_03,0.1,bj_07_t03,bj_07,3,1.588353984726172
scen_04,0.1,bj_07_t03,bj_07,3,1.5485579575060262
scen_05,0.1,bj_07_t03,bj_07,3,1.3555707562980093
scen_06,0.1,bj_07_t03,bj_07,3,0.9602402640648317
scen_07,0.1,bj_07_t03,bj_07,3,0.5540315065577006
scen_08,0.1,bj_07_t03,bj_07,3,0.8580821330450356
scen_09,0.1,bj_07_t03,bj_07,3,0.8432305082063701
scen_10,0.1,bj_07_t03,bj_07,3,0.48916034951451104
scen_01,0.1,bj_07_t04,bj_07,4,1.6101635874635574
scen_02,0.1,bj_07_t04,bj_07,4,1.2553416753678655
scen_03,0.1,bj_07_t04,bj_07,4,1.5993121013660376
scen_04,0.1,bj_07_t04,bj_07,4,1.4980565645819837
scen_05,0.1,bj_07_t04,bj_07,4,1.5152094011158015
scen_06,0.1,bj_07_t04,bj_07,4,1.3810471905081059
scen_07,0.1,bj_07_t04,bj_07,4,1.5890448821663883
scen_08,0.1,bj_07_t04,bj_07,4,1.819181617142847
scen_09,0.1,bj_07_t04,bj_07,4,1.404202791558847
scen_10,0.1,bj_07_t04,bj_07,4,1.5494641876735349
scen_01,0.1,bj_07_t05,bj_07,5,0.7166329659543171
scen_02,0.1,bj_07_t05,bj_07,5,0.512994343841314
scen_03,0.1,bj_07_t05,bj_07,5,0.43496562652372467
scen_04,0.1,bj_07_t05,bj_07,5,0.5388197355567573
scen_05,0.1,bj_07_t05,bj_07,5,0.9360209306873337
scen_06,0.1,bj_07_t05,bj_07,5,1.3338804574384304
scen_07,0.1,bj_07_t05,bj_07,5,1.3664959856053676
scen_08,0.1,bj_07_t05,bj_07,5,0.7745393596632302
scen_09,0.1,bj_07_t05,bj_07,5,1.0718833004617068
scen_10,0.1,bj_07_t05,bj_07,5,1.3573443187597936
scen_01,0.1,bj_07_t06,bj_07,6,1.1290884420187497
scen_02,0.1,bj_07_t06,bj_07,6,0.7544755237632772
scen_03,0.1,bj_07_t06,bj_07,6,1.069972583913355
scen_04,0.1,bj_07_t06,bj_07,6,1.0975420263661708
scen_05,0.1,bj_07_t06,bj_07,6,1.2070349847738024
scen_06,0.1,bj_07_t06,bj_07,6,1.3062425907495552
scen_07,0.1,bj_07_t06,bj_07,6,0.9559700137864705
scen_08,0.1,bj_07_t06,bj_07,6,0.9501462010363494
scen_09,0.1,bj_07_t06,bj_07,6,1.302261180589967
scen_10,0.1,bj_07_t06,bj_07,6,0.8275392402627588
scen_01,0.1,bj_07_t07,bj_07,7,1.490823093079397
scen_02,0.1,bj_07_t07,bj_07,7,1.1109430490214918
scen_03,0.1,bj_07_t07,bj_07,7,0.7876566018274038
scen_04,0.1,bj_07_t07,bj_07,7,1.3608165465912219
scen_05,0.1,bj_07_t07,bj_07,7,1.3615730641632469
scen_06,0.1,bj_07_t07,bj_07,7,1.1794415631573587
scen_07,0.1,bj_07_t07,bj_07,7,1.1877893397431476
scen_08,0.1,bj_07_t07,bj_07,7,1.5856676262998208
scen_09,0.1,bj_07_t07,bj_07,7,0.8790492783408563
scen_10,0.1,bj_07_t07,bj_07,7,1.604455235267918
scen_01,0.1,bj_07_t08,bj_07,8,1.624706833401488
scen_02,0.1,bj_07_t08,bj_07,8,1.5943159508894538
scen_03,0.1,bj_07_t08,bj_07,8,1.3212864370432338
scen_04,0.1,bj_07_t08,bj_07,8,1.3561091153462235
scen_05,0.1,bj_07_t08,bj_07,8,1.02881696604154
scen_06,0.1,bj_07_t08,bj_07,8,1.6609092634012566
scen_07,0.1,bj_07_t08,bj_07,8,1.1796047747424556
scen_08,0.1,bj_07_t08,bj_07,8,1.5072488540287248
scen_09,0.1,bj_07_t08,bj_07,8,1.4358900981599025
scen_10,0.1,bj_07_t08,bj_07,8,1.4037852733593814
scen_01,0.1,bj_07_t09,bj_07,9,1.0178475642640679
scen_02,0.1,bj_07_t09,bj_07,9,1.1749682798898182
scen_03,0.1,bj_07_t09,bj_07,9,1.3411580224465296
scen_04,0.1,bj_07_t09,bj_07,9,1.4048281885755411
scen_05,0.1,bj_07_t09,bj_07,9,0.8051786799829342
scen_06,0.1,bj_07_t09,bj_07,9,0.5988617027554262
scen_07,0.1,bj_07_t09,bj_07,9,1.559556851922494
scen_08,0.1,bj_07_t09,bj_07,9,0.5197189261345079
scen_09,0.1,bj_07_t09,bj_07,9,1.220890109016542
scen_10,0.1,bj_07_t09,bj_07,9,1.005151880681499
scen_01,0.1,bj_07_t10,bj_07,10,0.6204480942912449
scen_02,0.1,bj_07_t10,bj_07,10,1.3117887210252794
scen_03,0.1,bj_07_t10,bj_07,10,1.8508864298765786
scen_04,0.1,bj_07_t10,bj_07,10,0.6825705312749635
scen_05,0.1,bj_07_t10,bj_07,10,1.2491751063889691
scen_06,0.1,bj_07_t10,bj_07,10,0.842814734275551
scen_07,0.1,bj_07_t10,bj_07,10,1.2272000245942327
scen_08,0.1,bj_07_t10,bj_07,10,0.9875289452545749
scen_09,0.1,bj_07_t10,bj_07,10,1.2453120372966837
scen_10,0.1,bj_07_t10,bj_07,10,0.4011961564608828
scen_01,0.1,bj_07_t11,bj_07,11,0.8106236562229099
scen_02,0.1,bj_07_t11,bj_07,11,1.2253805496955126
scen_03,0.1,bj_07_t11,bj_07,11,1.72526873675541
scen_04,0.1,bj_07_t11,bj_07,11,1.0991063028092474
scen_05,0.1,bj_07_t11,bj_07,11,1.15328431011051
scen_06,0.1,bj_07_t11,bj_07,11,0.8574425154923608
scen_07,0.1,bj_07_t11,bj_07,11,1.110941955155275
scen_08,0.1,bj_07_t11,bj_07,11,1.4071323326093166
scen_09,0.1,bj_07_t11,bj_07,11,1.387394902854004
scen_10,0.1,bj_07_t11,bj_07,11,1.4927405761345893
scen_01,0.1,bj_07_t12,bj_07,12,0.8505357141151946
scen_02,0.1,bj_07_t12,bj_07,12,1.46634214364652
scen_03,0.1,bj_07_t12,bj_07,12,1.6805020463929168
scen_04,0.1,bj_07_t12,bj_07,12,0.8661300209128006
scen_05,0.1,bj_07_t12,bj_07,12,1.296524427362841
scen_06,0.1,bj_07_t12,bj_07,12,1.055046501864584
scen_07,0.1,bj_07_t12,bj_07,12,1.3595979243157381
scen_08,0.1,bj_07_t12,bj_07,12,1.6459259814577862
scen_09,0.1,bj_07_t12,bj_07,12,1.0042470774434105
scen_10,0.1,bj_07_t12,bj_07,12,1.1428424391597378
scen_01,0.1,bj_07_t13,bj_07,13,1.035766723477786
scen_02,0.1,bj_07_t13,bj_07,13,0.6873960227025642
scen_03,0.1,bj_07_t13,bj_07,13,0.5658142692719982
scen_04,0.1,bj_07_t13,bj_07,13,1.407795510723715
scen_05,0.1,bj_07_t13,bj_07,13,1.115792160603892
scen_06,0.1,bj_07_t13,bj_07,13,1.2010822725753276
scen_07,0.1,bj_07_t13,bj_07,13,1.1776651795855293
scen_08,0.1,bj_07_t13,bj_07,13,1.4120240275423994
scen_09,0.1,bj_07_t13,bj_07,13,1.3381663777540844
scen_10,0.1,bj_07_t13,bj_07,13,0.7599586017861875
scen_01,0.1,bj_07_t14,bj_07,14,1.4295657049207466
scen_02,0.1,bj_07_t14,bj_07,14,0.7054964251745719
scen_03,0.1,bj_07_t14,bj_07,14,1.161588828277168
scen_04,0.1,bj_07_t14,bj_07,14,0.9430816152798941
scen_05,0.1,bj_07_t14,bj_07,14,1.4152509224610892
scen_06,0.1,bj_07_t14,bj_07,14,1.2069386118565588
scen_07,0.1,bj_07_t14,bj_07,14,0.8233197362865541
scen_08,0.1,bj_07_t14,bj_07,14,0.8261343504754849
scen_09,0.1,bj_07_t14,bj_07,14,1.0489006245059636
scen_10,0.1,bj_07_t14,bj_07,14,0.9433913492939184
scen_01,0.1,bj_07_t15,bj_07,15,1.4332616735727417
scen_02,0.1,bj_07_t15,bj_07,15,1.454457652161
scen_03,0.1,bj_07_t15,bj_07,15,1.3252744329076567
scen_04,0.1,bj_07_t15,bj_07,15,0.9181334584633736
scen_05,0.1,bj_07_t15,bj_07,15,1.347195349094327
scen_06,0.1,bj_07_t15,bj_07,15,1.5715923205996223
scen_07,0.1,bj_07_t15,bj_07,15,1.3873812380975292
scen_08,0.1,bj_07_t15,bj_07,15,1.373827615136065
scen_09,0.1,bj_07_t15,bj_07,15,1.73059353037637
scen_10,0.1,bj_07_t15,bj_07,15,0.8191861235585672
scen_01,0.1,bj_07_t16,bj_07,16,1.1617276201684739
scen_02,0.1,bj_07_t16,bj_07,16,1.601391934945697
scen_03,0.1,bj_07_t16,bj_07,16,1.132066399927012
scen_04,0.1,bj_07_t16,bj_07,16,1.2526081931565205
scen_05,0.1,bj_07_t16,bj_07,16,0.928271588919217
scen_06,0.1,bj_07_t16,bj_07,16,1.4607929517403284
scen_07,0.1,bj_07_t16,bj_07,16,1.2800598343592333
scen_08,0.1,bj_07_t16,bj_07,16,1.2098566531959722
scen_09,0.1,bj_07_t16,bj_07,16,0.9839077864305341
scen_10,0.1,bj_07_t16,bj_07,16,1.4663359360193715
scen_01,0.1,bj_07_t17,bj_07,17,0.6193666062763504
scen_02,0.1,bj_07_t17,bj_07,17,0.6053536637198482
scen_03,0.1,bj_07_t17,bj_07,17,1.3782250528357507
scen_04,0.1,bj_07_t17,bj_07,17,1.0317072668963059
scen_05,0.1,bj_07_t17,bj_07,17,0.42993238317657834
scen_06,0.1,bj_07_t17,bj_07,17,0.4850227983888607
scen_07,0.1,bj_07_t17,bj_07,17,0.8646896235406272
scen_08,0.1,bj_07_t17,bj_07,17,1.1817521700675524
scen_09,0.1,bj_07_t17,bj_07,17,1.3265632155632794
scen_10,0.1,bj_07_t17,bj_07,17,0.2895968952612909
scen_01,0.1,bj_07_t18,bj_07,18,1.0081401257750489
scen_02,0.1,bj_07_t18,bj_07,18,1.303461393676231
scen_03,0.1,bj_07_t18,bj_07,18,0.8197047150662544
scen_04,0.1,bj_07_t18,bj_07,18,1.3903601038314848
scen_05,0.1,bj_07_t18,bj_07,18,1.130500956931883
scen_06,0.1,bj_07_t18,bj_07,18,0.767913521489765
scen_07,0.1,bj_07_t18,bj_07,18,0.5794650727606707
scen_08,0.1,bj_07_t18,bj_07,18,1.4925314581282043
scen_09,0.1,bj_07_t18,bj_07,18,1.0114920285231321
scen_10,0.1,bj_07_t18,bj_07,18,0.7512162616909207
scen_01,0.1,bj_07_t19,bj_07,19,1.6375072492863194
scen_02,0.1,bj_07_t19,bj_07,19,1.603770104385554
scen_03,0.1,bj_07_t19,bj_07,19,1.4455316488726155
scen_04,0.1,bj_07_t19,bj_07,19,1.6092354963506352
scen_05,0.1,bj_07_t19,bj_07,19,1.3506534471373168
scen_06,0.1,bj_07_t19,bj_07,19,1.4976273332840122
scen_07,0.1,bj_07_t19,bj_07,19,1.404995088487522
scen_08,0.1,bj_07_t19,bj_07,19,1.194386328686326
scen_09,0.1,bj_07_t19,bj_07,19,1.2111898233059544
scen_10,0.1,bj_07_t19,bj_07,19,1.1608572582030503
scen_01,0.1,bj_07_t20,bj_07,20,0.7402987111121914
scen_02,0.1,bj_07_t20,bj_07,20,0.7405982396935813
scen_03,0.1,bj_07_t20,bj_07,20,1.0465187257241038
scen_04,0.1,bj_07_t20,bj_07,20,0.6518503409134836
scen_05,0.1,bj_07_t20,bj_07,20,1.2077908215687243
scen_06,0.1,bj_07_t20,bj_07,20,0.860711694789636
scen_07,0.1,bj_07_t20,bj_07,20,0.6156136823496372
scen_08,0.1,bj_07_t20,bj_07,20,0.8495249713846641
scen_09,0.1,bj_07_t20,bj_07,20,0.6131500173032192
scen_10,0.1,bj_07_t20,bj_07,20,0.9195380770734153
scen_01,0.1,bj_07_t21,bj_07,21,0.7958871108141371
scen_02,0.1,bj_07_t21,bj_07,21,0.895499957526741
scen_03,0.1,bj_07_t21,bj_07,21,0.6966043575952634
scen_04,0.1,bj_07_t21,bj_07,21,0.6285242542314934
scen_05,0.1,bj_07_t21,bj_07,21,0.8702845183797134
scen_06,0.1,bj_07_t21,bj_07,21,1.3334768402929715
scen_07,0.1,bj_07_t21,bj_07,21,0.6026624816409007
scen_08,0.1,bj_07_t21,bj_07,21,1.0512096156331159
scen_09,0.1,bj_07_t21,bj_07,21,1.1381570389486777
scen_10,0.1,bj_07_t21,bj_07,21,1.1381781372805755
scen_01,0.1,bj_07_t22,bj_07,22,0.7221312087911174
scen_02,0.1,bj_07_t22,bj_07,22,1.1172201616507305
scen_03,0.1,bj_07_t22,bj_07,22,1.1329474795498955
scen_04,0.1,bj_07_t22,bj_07,22,0.6182456236412504
scen_05,0.1,bj_07_t22,bj_07,22,1.2780995211550819
scen_06,0.1,bj_07_t22,bj_07,22,0.7198367967965751
scen_07,0.1,bj_07_t22,bj_07,22,1.0807510049890725
scen_08,0.1,bj_07_t22,bj_07,22,0.6154406385869211
scen_09,0.1,bj_07_t22,bj_07,22,0.8928225377527329
scen_10,0.1,bj_07_t22,bj_07,22,0.45801235147466013
scen_01,0.1,bj_07_t23,bj_07,23,0.7813358587772116
scen_02,0.1,bj_07_t23,bj_07,23,0.7067802689427386
scen_03,0.1,bj_07_t23,bj_07,23,0.698550399139877
scen_04,0.1,bj_07_t23,bj_07,23,0.4255028510262201
scen_05,0.1,bj_07_t23,bj_07,23,0.7789515119723954
scen_06,0.1,bj_07_t23,bj_07,23,1.066548588405908
scen_07,0.1,bj_07_t23,bj_07,23,0.8260633516588267
scen_08,0.1,bj_07_t23,bj_07,23,0.8352257895415239
scen_09,0.1,bj_07_t23,bj_07,23,0.885637700556348
scen_10,0.1,bj_07_t23,bj_07,23,0.5922092390357603
