workload_id,from_time,time,to_time,from_server,to_server
od_00,0,1,1,3,2
od_00,5,6,6,2,0
od_00,6,7,7,0,2
od_00,8,9,9,2,4
od_00,10,11,11,4,3
od_00,11,12,12,3,0
od_00,14,15,15,0,1
od_00,15,16,16,1,0
od_00,19,20,20,0,4
od_00,20,21,21,4,0
od_00,22,23,23,0,4
od_01,1,2,2,3,4
od_01,2,3,3,4,3
od_01,4,5,5,3,4
od_01,5,6,6,4,3
od_01,6,7,7,3,0
od_01,7,8,8,0,4
od_01,8,9,9,4,0
od_01,9,10,10,0,4
od_01,10,11,11,4,2
od_01,11,12,12,2,1
od_01,12,13,13,1,2
od_01,13,14,14,2,0
od_01,14,15,15,0,1
od_01,15,16,16,1,4
od_01,16,17,17,4,3
od_01,17,18,18,3,4
od_01,18,19,19,4,2
od_01,19,20,20,2,4
od_01,20,21,21,4,0
od_02,0,1,1,0,1
od_02,1,2,2,1,3
od_02,2,3,3,3,4
od_02,3,4,4,4,2
od_02,4,5,5,2,4
od_02,6,7,7,4,1
od_02,7,8,8,1,4
od_02,8,9,9,4,2
od_02,10,11,11,2,1
od_02,11,12,12,1,2
od_02,12,13,13,2,4
od_02,13,14,14,4,3
od_02,14,15,15,3,2
od_02,15,16,16,2,0
od_02,18,19,19,0,4
od_02,19,20,20,4,0
od_02,21,22,22,0,3
od_02,22,23,23,3,0
od_03,1,2,2,1,4
od_03,2,3,3,4,2
od_03,3,4,4,2,3
od_03,4,5,5,3,2
od_03,5,6,6,2,1
od_03,7,8,8,1,3
od_03,9,10,10,3,2
od_03,10,11,11,2,3
od_03,11,12,12,3,0
od_03,12,13,13,0,2
od_03,13,14,14,2,0
od_03,14,15,15,0,1
od_03,15,16,16,1,2
od_03,16,17,17,2,3
od_03,17,18,18,3,0
od_03,18,19,19,0,3
od_03,20,21,21,3,1
od_03,21,22,22,1,0
od_04,0,1,1,1,2
od_04,1,2,2,2,4
od_04,2,3,3,4,1
od_04,3,4,4,1,4
od_04,4,5,5,4,3
od_04,5,6,6,3,2
od_04,6,7,7,2,4
od_04,7,8,8,4,1
od_04,8,9,9,1,3
od_04,9,10,10,3,1
od_04,10,11,11,1,0
od_04,11,12,12,0,3
od_04,12,13,13,3,1
od_04,14,15,15,1,0
od_04,16,17,17,0,4
od_04,17,18,18,4,1
od_04,18,19,19,1,4
od_04,19,20,20,4,0
od_04,20,21,21,0,4
od_04,21,22,22,4,3
od_04,22,23,23,3,0
od_05,0,1,1,3,2
od_05,2,3,3,2,3
od_05,5,6,6,3,4
od_05,6,7,7,4,3
od_05,8,9,9,3,2
od_05,9,10,10,2,3
od_05,10,11,11,3,1
od_05,11,12,12,1,4
od_05,12,13,13,4,0
od_05,13,14,14,0,1
od_05,14,15,15,1,2
od_05,15,16,16,2,3
od_05,16,17,17,3,2
od_05,18,19,19,2,4
od_05,19,20,20,4,1
od_05,22,23,23,1,0
od_06,1,2,2,3,2
od_06,2,3,3,2,1
od_06,3,4,4,1,0
od_06,5,6,6,0,3
od_06,6,7,7,3,0
od_06,7,8,8,0,3
od_06,8,9,9,3,1
od_06,10,11,11,1,4
od_06,12,13,13,4,3
od_06,13,14,14,3,2
od_06,14,15,15,2,0
od_06,15,16,16,0,3
od_06,16,17,17,3,1
od_06,17,18,18,1,3
od_06,18,19,19,3,0
od_06,19,20,20,0,4
od_06,20,21,21,4,2
od_06,22,23,23,2,3
od_07,1,2,2,0,1
od_07,2,3,3,1,4
od_07,3,4,4,4,0
od_07,4,5,5,0,3
od_07,5,6,6,3,0
od_07,6,7,7,0,3
od_07,7,8,8,3,0
od_07,8,9,9,0,3
od_07,9,10,10,3,0
od_07,10,11,11,0,1
od_07,11,12,12,1,3
od_07,12,13,13,3,2
od_07,13,14,14,2,3
od_07,14,15,15,3,1
od_07,15,16,16,1,3
od_07,16,17,17,3,4
od_07,17,18,18,4,1
od_07,18,19,19,1,2
od_07,19,20,20,2,1
od_07,22,23,23,1,2
od_08,2,3,3,4,3
od_08,3,4,4,3,0
od_08,4,5,5,0,2
od_08,5,6,6,2,0
od_08,6,7,7,0,4
od_08,7,8,8,4,3
od_08,11,12,12,3,2
od_08,13,14,14,2,3
od_08,14,15,15,3,1
od_08,15,16,16,1,4
od_08,16,17,17,4,3
od_08,17,18,18,3,2
od_08,18,19,19,2,3
od_08,20,21,21,3,0
od_08,22,23,23,0,1
od_09,0,1,1,2,0
od_09,1,2,2,0,1
od_09,2,3,3,1,2
od_09,3,4,4,2,4
od_09,4,5,5,4,3
od_09,7,8,8,3,0
od_09,8,9,9,0,4
od_09,9,10,10,4,1
od_09,10,11,11,1,2
od_09,11,12,12,2,0
od_09,14,15,15,0,2
od_09,15,16,16,2,0
od_09,16,17,17,0,1
od_09,17,18,18,1,2
od_09,20,21,21,2,3
od_09,22,23,23,3,4
od_10,0,1,1,2,3
od_10,1,2,2,3,0
od_10,2,3,3,0,4
od_10,4,5,5,4,3
od_10,6,7,7,3,2
od_10,7,8,8,2,3
od_10,8,9,9,3,2
od_10,10,11,11,2,4
od_10,11,12,12,4,2
od_10,12,13,13,2,4
od_10,13,14,14,4,0
od_10,15,16,16,0,3
od_10,16,17,17,3,4
od_10,18,19,19,4,3
od_10,21,22,22,3,1
od_10,22,23,23,1,4
od_11,0,1,1,0,3
od_11,1,2,2,3,0
od_11,3,4,4,0,2
od_11,4,5,5,2,4
od_11,5,6,6,4,0
od_11,9,10,10,0,3
od_11,10,11,11,3,0
od_11,11,12,12,0,2
od_11,12,13,13,2,1
od_11,13,14,14,1,4
od_11,14,15,15,4,0
od_11,15,16,16,0,4
od_11,16,17,17,4,0
od_11,17,18,18,0,2
od_11,18,19,19,2,0
od_11,19,20,20,0,4
od_11,20,21,21,4,1
od_11,21,22,22,1,0
od_11,22,23,23,0,1
od_12,1,2,2,3,0
od_12,5,6,6,0,2
od_12,7,8,8,2,1
od_12,8,9,9,1,3
od_12,9,10,10,3,4
od_12,10,11,11,4,3
od_12,11,12,12,3,1
od_12,12,13,13,1,2
od_12,13,14,14,2,3
od_12,14,15,15,3,2
od_12,16,17,17,2,4
od_12,17,18,18,4,1
od_12,18,19,19,1,3
od_12,19,20,20,3,1
od_12,20,21,21,1,3
od_13,0,1,1,0,2
od_13,1,2,2,2,0
od_13,2,3,3,0,3
od_13,3,4,4,3,0
od_13,8,9,9,0,1
od_13,9,10,10,1,0
od_13,10,11,11,0,1
od_13,12,13,13,1,2
od_13,13,14,14,2,4
od_13,17,18,18,4,0
od_13,18,19,19,0,3
od_13,19,20,20,3,0
od_13,20,21,21,0,3
od_13,21,22,22,3,4
od_13,22,23,23,4,2
od_14,0,1,1,0,4
od_14,1,2,2,4,0
od_14,2,3,3,0,1
od_14,3,4,4,1,3
od_14,4,5,5,3,4
od_14,5,6,6,4,2
od_14,6,7,7,2,1
od_14,7,8,8,1,0
od_14,9,10,10,0,2
od_14,10,11,11,2,3
od_14,11,12,12,3,1
od_14,12,13,13,1,0
od_14,13,14,14,0,2
od_14,14,15,15,2,3
od_14,15,16,16,3,2
od_14,16,17,17,2,3
od_14,17,18,18,3,4
od_14,18,19,19,4,1
od_14,19,20,20,1,0
od_14,20,21,21,0,1
od_14,21,22,22,1,4
od_14,22,23,23,4,2
od_15,1,2,2,2,1
od_15,2,3,3,1,3
od_15,3,4,4,3,1
od_15,4,5,5,1,2
od_15,5,6,6,2,1
od_15,6,7,7,1,2
od_15,8,9,9,2,0
od_15,11,12,12,0,3
od_15,12,13,13,3,1
od_15,13,14,14,1,4
od_15,14,15,15,4,0
od_15,15,16,16,0,2
od_15,16,17,17,2,4
od_15,17,18,18,4,3
od_15,18,19,19,3,2
od_15,19,20,20,2,1
od_15,20,21,21,1,2
od_15,22,23,23,2,1
od_16,1,2,2,0,3
od_16,2,3,3,3,0
od_16,3,4,4,0,4
od_16,4,5,5,4,1
od_16,5,6,6,1,0
od_16,7,8,8,0,1
od_16,8,9,9,1,0
od_16,9,10,10,0,2
od_16,10,11,11,2,3
od_16,11,12,12,3,1
od_16,12,13,13,1,3
od_16,13,14,14,3,4
od_16,14,15,15,4,1
od_16,16,17,17,1,0
od_16,17,18,18,0,4
od_16,19,20,20,4,1
od_16,20,21,21,1,2
od_16,22,23,23,2,4
od_17,0,1,1,4,2
od_17,1,2,2,2,1
od_17,2,3,3,1,4
od_17,3,4,4,4,2
od_17,5,6,6,2,1
od_17,6,7,7,1,3
od_17,7,8,8,3,4
od_17,8,9,9,4,1
od_17,9,10,10,1,0
od_17,11,12,12,0,4
od_17,12,13,13,4,0
od_17,13,14,14,0,1
od_17,14,15,15,1,3
od_17,15,16,16,3,0
od_17,16,17,17,0,1
od_17,17,18,18,1,3
od_17,19,20,20,3,4
od_17,20,21,21,4,3
od_17,21,22,22,3,2
od_18,0,1,1,2,1
od_18,1,2,2,1,3
od_18,2,3,3,3,0
od_18,3,4,4,0,1
od_18,5,6,6,1,3
od_18,7,8,8,3,2
od_18,9,10,10,2,3
od_18,10,11,11,3,1
od_18,11,12,12,1,3
od_18,12,13,13,3,1
od_18,14,15,15,1,4
od_18,16,17,17,4,2
od_18,18,19,19,2,0
od_18,19,20,20,0,3
od_18,20,21,21,3,4
od_18,22,23,23,4,1
od_19,0,1,1,4,3
od_19,1,2,2,3,1
od_19,2,3,3,1,2
od_19,3,4,4,2,4
od_19,4,5,5,4,1
od_19,5,6,6,1,2
od_19,7,8,8,2,1
od_19,9,10,10,1,0
od_19,11,12,12,0,3
od_19,14,15,15,3,2
od_19,16,17,17,2,0
od_19,17,18,18,0,4
od_19,18,19,19,4,2
od_19,19,20,20,2,3
od_19,21,22,22,3,0
od_20,0,1,1,2,0
od_20,1,2,2,0,3
od_20,3,4,4,3,2
od_20,4,5,5,2,1
od_20,7,8,8,1,4
od_20,8,9,9,4,2
od_20,9,10,10,2,4
od_20,11,12,12,4,2
od_20,12,13,13,2,3
od_20,15,16,16,3,1
od_20,16,17,17,1,0
od_20,17,18,18,0,4
od_20,19,20,20,4,2
od_20,20,21,21,2,1
od_20,22,23,23,1,3
od_21,2,3,3,4,3
od_21,3,4,4,3,1
od_21,4,5,5,1,3
od_21,6,7,7,3,4
od_21,7,8,8,4,2
od_21,8,9,9,2,3
od_21,9,10,10,3,4
od_21,10,11,11,4,1
od_21,11,12,12,1,4
od_21,12,13,13,4,1
od_21,13,14,14,1,2
od_21,15,16,16,2,3
od_21,16,17,17,3,1
od_21,18,19,19,1,2
od_21,19,20,20,2,1
od_21,20,21,21,1,4
od_22,0,1,1,1,4
od_22,1,2,2,4,2
od_22,2,3,3,2,4
od_22,3,4,4,4,1
od_22,4,5,5,1,0
od_22,5,6,6,0,4
od_22,7,8,8,4,1
od_22,8,9,9,1,4
od_22,9,10,10,4,3
od_22,10,11,11,3,2
od_22,11,12,12,2,0
od_22,12,13,13,0,4
od_22,15,16,16,4,1
od_22,16,17,17,1,2
od_22,17,18,18,2,1
od_22,19,20,20,1,2
od_22,20,21,21,2,4
od_22,21,22,22,4,3
od_23,1,2,2,4,2
od_23,3,4,4,2,3
od_23,4,5,5,3,0
od_23,6,7,7,0,3
od_23,8,9,9,3,0
od_23,10,11,11,0,2
od_23,11,12,12,2,1
od_23,12,13,13,1,4
od_23,13,14,14,4,2
od_23,14,15,15,2,3
od_23,15,16,16,3,1
od_23,16,17,17,1,3
od_23,17,18,18,3,2
od_23,18,19,19,2,1
od_23,20,21,21,1,0
od_23,21,22,22,0,2
